DATAPRESENTACAOPROPOSICAO;DATTRANSFPROPOSICAOLEI;COD_TIPO_PARLAMENTAR;NOM_CIVIL_PARLAMENTAR;NOM_PARLAMENTAR;COD_SEXO;DES_TIPO_PARLAMENTAR;COD_PARLAMENTAR_ORIGEM;NUM_LEGISLATURA_APRESEN;NUM_SESSAO_LEGISLATIVA_APRESEN;COD_TIPO_SESSAO_LEGISLATIVA_APRESEN;DAT_INICIO_LEGISLATURA_APRESEN;DAT_FIM_LEGISLATURA_APRESEN;DAT_INICIO_SESSAO_LEGISLATIVA_APRESEN;DAT_FIM_SESSAO_LEGISLATIVA_APRESEN;DES_TIPO_SESSAO_LEGISLATIVA_APRESEN;DAT_INICIAL_RECESSO_APRESEN;DAT_FINAL_RECESSO_APRESEN;NUM_LEGISLATURA_LEI;NUM_SESSAO_LEGISLATIVA_LEI;COD_TIPO_SESSAO_LEGISLATIVA_LEI;DAT_INICIO_LEGISLATURA_LEI;DAT_FIM_LEGISLATURA_LEI;DAT_INICIO_SESSAO_LEGISLATIVA_LEI;DAT_FIM_SESSAO_LEGISLATIVA_LEI;DES_TIPO_SESSAO_LEGISLATIVA_LEI;DAT_INICIAL_RECESSO_LEI;DAT_FINAL_RECESSO_LEI;COD_PROPOSICAO_ORIGEM;ANO_PROPOSICAO;NUM_PROPOSICAO;NOM_PROPOSICAO;AREAS_TEMATICAS_APRESENTACAO;SIG_NORMA_JURIDICA;DES_TIPO_NORMA_JURIDICA;COD_TIPO_NORMA_JURIDICA_ORIGEM;SIG_UF;TEX_REGIAO_GEOGRAFICA_AUTOR;NOM_UF;NOM_PARTIDO_POLITICO;COD_PARTIDO_POLITICO;SIG_PARTIDO_POLITICO;DES_SITUACAO_PROPOSICAO;SIG_TIPO_PROPOSICAO;DES_TIPO_PROPOSICAO;DES_COMPLETA;IND_ATIVO_TIPO_PROPOSICAO;DES_ATIVO_TIPO_PROPOSICAO;DAT_VETO_TOTAL;NOM_ORGAO;IND_ATIVO_ORGAO;DES_ATIVO_ORGAO;COD_ORGAO_ORIGEM;DES_APELIDO_ORGAO;COD_TIPO_AUTOR_ORIGEM;DES_TIPO_AUTOR
28-09-2011;;10000;JOSÉ WILSON SANTIAGO FILHO;WILSON FILHO;M;DEPUTADO;530095;54;1;1;01-02-2011;31-01-2015;02-02-2011;22-12-2011;Ordinária;18-07-2011;01-08-2011;-1;-1;-1;;;;;N/A;;;522128;2011;2432;PL 2432/2011;ORGANIZAÇÃO ADMINISTRATIVA DO ESTADO;N/A;N/A;-1;PB;NORDESTE;PARAÍBA;PARTIDO DO MOVIMENTO DEMOCRÁTICO BRASILEIRO;111;PMDB;N/A;PL;PROJETO DE LEI;PROJETO DE LEI;1;ATIVADO;;N/A;-1;N/A;-1;N/A;TipoParlamentar_10000;DEPUTADO
19-06-2002;;10000;ALEXANDRE AGUIAR CARDOSO;ALEXANDRE CARDOSO;M;DEPUTADO;522616;51;4;1;01-02-1999;31-01-2003;15-02-2002;16-12-2002;Ordinária;02-07-2002;01-08-2002;-1;-1;-1;;;;;N/A;;;58340;2002;557;PEC 557/2002;ORGANIZAÇÃO ADMINISTRATIVA DO ESTADO;N/A;N/A;-1;RJ;SUDESTE;RIO DE JANEIRO;PARTIDO SOCIALISTA BRASILEIRO;125;PSB;N/A;PEC;PROPOSTA DE EMENDA À CONSTITUIÇÃO;PROPOSTA DE EMENDA À CONSTITUIÇÃO (ART. 60 CF C/C ART. 201 A 203, RICD);1;ATIVADO;;N/A;-1;N/A;-1;N/A;TipoParlamentar_10000;DEPUTADO
20-06-2002;;10000;ARNALDO DE ABREU MADEIRA;ARNALDO MADEIRA;M;DEPUTADO;524134;51;4;1;01-02-1999;31-01-2003;15-02-2002;16-12-2002;Ordinária;02-07-2002;01-08-2002;-1;-1;-1;;;;;N/A;;;58564;2002;558;PEC 558/2002;ORGANIZAÇÃO ADMINISTRATIVA DO ESTADO;N/A;N/A;-1;SP;SUDESTE;SÃO PAULO;PARTIDO DA SOCIAL DEMOCRACIA BRASILEIRA;128;PSDB;N/A;PEC;PROPOSTA DE EMENDA À CONSTITUIÇÃO;PROPOSTA DE EMENDA À CONSTITUIÇÃO (ART. 60 CF C/C ART. 201 A 203, RICD);1;ATIVADO;;N/A;-1;N/A;-1;N/A;TipoParlamentar_10000;DEPUTADO
17-10-2013;;10000;FRANCISCO EDNALDO PRACIANO;FRANCISCO PRACIANO;M;DEPUTADO;524640;54;3;1;01-02-2011;31-01-2015;04-02-2013;23-12-2013;Ordinária;31-07-2013;01-08-2013;-1;-1;-1;;;;;N/A;;;597232;2013;329;PEC 329/2013;ORGANIZAÇÃO ADMINISTRATIVA DO ESTADO;N/A;N/A;-1;AM;NORTE;AMAZONAS;PARTIDO DOS TRABALHADORES;134;PT;N/A;PEC;PROPOSTA DE EMENDA À CONSTITUIÇÃO;PROPOSTA DE EMENDA À CONSTITUIÇÃO (ART. 60 CF C/C ART. 201 A 203, RICD);1;ATIVADO;;N/A;-1;N/A;-1;N/A;TipoParlamentar_10000;DEPUTADO
15-05-2014;;10000;CARLOS GOMES BEZERRA;CARLOS BEZERRA;M;DEPUTADO;526056;54;4;1;01-02-2011;31-01-2015;03-02-2014;22-12-2014;Ordinária;31-07-2014;01-08-2014;-1;-1;-1;;;;;N/A;;;615730;2014;395;PLP 395/2014;ORGANIZAÇÃO ADMINISTRATIVA DO ESTADO;N/A;N/A;-1;MT;CENTRO-OESTE;MATO GROSSO;PARTIDO DO MOVIMENTO DEMOCRÁTICO BRASILEIRO;111;PMDB;N/A;PLP;PROJETO DE LEI COMPLEMENTAR;PROJETO DE LEI COMPLEMENTAR (ART. 61 CF);1;ATIVADO;;N/A;-1;N/A;-1;N/A;TipoParlamentar_10000;DEPUTADO
23-10-2003;;10000;MAURÍCIO QUINTELLA MALTA LESSA;MAURÍCIO QUINTELLA LESSA;M;DEPUTADO;520128;52;1;1;01-02-2003;31-01-2007;17-02-2003;15-12-2003;Ordinária;30-06-2003;01-08-2003;-1;-1;-1;;;;;N/A;;;139244;2003;183;PEC 183/2003;ORGANIZAÇÃO ADMINISTRATIVA DO ESTADO,ORGANIZAÇÃO POLÍTICO-ADMINISTRATIVA DO ESTADO (UTILIZADO ATÉ A LEGISLATURA 53);N/A;N/A;-1;AL;NORDESTE;ALAGOAS;PARTIDO SOCIALISTA BRASILEIRO;125;PSB;N/A;PEC;PROPOSTA DE EMENDA À CONSTITUIÇÃO;PROPOSTA DE EMENDA À CONSTITUIÇÃO (ART. 60 CF C/C ART. 201 A 203, RICD);1;ATIVADO;;N/A;-1;N/A;-1;N/A;TipoParlamentar_10000;DEPUTADO
28-04-2009;;10000;REGIS FERNANDES DE OLIVEIRA;REGIS DE OLIVEIRA;M;DEPUTADO;528911;53;3;1;01-02-2007;31-01-2011;02-02-2009;22-12-2009;Ordinária;17-07-2009;03-08-2009;-1;-1;-1;;;;;N/A;;;432022;2009;5117;PL 5117/2009;ORGANIZAÇÃO ADMINISTRATIVA DO ESTADO;N/A;N/A;-1;SP;SUDESTE;SÃO PAULO;PARTIDO SOCIAL CRISTÃO;126;PSC;N/A;PL;PROJETO DE LEI;PROJETO DE LEI;1;ATIVADO;;N/A;-1;N/A;-1;N/A;TipoParlamentar_10000;DEPUTADO
20-08-2003;;10000;CARLOS ALBERTO CAVALCANTE DE SOUZA;CARLOS SOUZA;M;DEPUTADO;520162;52;1;1;01-02-2003;31-01-2007;17-02-2003;15-12-2003;Ordinária;30-06-2003;01-08-2003;-1;-1;-1;;;;;N/A;;;129607;2003;143;PEC 143/2003;ORGANIZAÇÃO ADMINISTRATIVA DO ESTADO,ORGANIZAÇÃO POLÍTICO-ADMINISTRATIVA DO ESTADO (UTILIZADO ATÉ A LEGISLATURA 53);N/A;N/A;-1;AM;NORTE;AMAZONAS;PARTIDO LIBERAL;110;PL;N/A;PEC;PROPOSTA DE EMENDA À CONSTITUIÇÃO;PROPOSTA DE EMENDA À CONSTITUIÇÃO (ART. 60 CF C/C ART. 201 A 203, RICD);1;ATIVADO;;N/A;-1;N/A;-1;N/A;TipoParlamentar_10000;DEPUTADO
05-06-2012;;10000;WELLINGTON ANTONIO FAGUNDES;WELLINGTON FAGUNDES;M;DEPUTADO;521528;54;2;1;01-02-2011;31-01-2015;02-02-2012;24-12-2012;Ordinária;17-07-2012;01-08-2012;-1;-1;-1;;;;;N/A;;;547122;2012;187;PEC 187/2012;ORGANIZAÇÃO ADMINISTRATIVA DO ESTADO;N/A;N/A;-1;MT;CENTRO-OESTE;MATO GROSSO;PARTIDO DA REPÚBLICA;168;PR;N/A;PEC;PROPOSTA DE EMENDA À CONSTITUIÇÃO;PROPOSTA DE EMENDA À CONSTITUIÇÃO (ART. 60 CF C/C ART. 201 A 203, RICD);1;ATIVADO;;N/A;-1;N/A;-1;N/A;TipoParlamentar_10000;DEPUTADO
25-02-2013;;10000;ONOFRE SANTO AGUSTINI;ONOFRE SANTO AGOSTINI;M;DEPUTADO;530175;54;3;1;01-02-2011;31-01-2015;04-02-2013;23-12-2013;Ordinária;31-07-2013;01-08-2013;-1;-1;-1;;;;;N/A;;;565535;2013;238;PEC 238/2013;ORGANIZAÇÃO ADMINISTRATIVA DO ESTADO;N/A;N/A;-1;SC;SUL;SANTA CATARINA;PARTIDO SOCIAL DEMOCRÁTICO;127;PSD;N/A;PEC;PROPOSTA DE EMENDA À CONSTITUIÇÃO;PROPOSTA DE EMENDA À CONSTITUIÇÃO (ART. 60 CF C/C ART. 201 A 203, RICD);1;ATIVADO;;N/A;-1;N/A;-1;N/A;TipoParlamentar_10000;DEPUTADO
26-09-2013;;10000;EDUARDO HENRIQUE DA FONTE DE ALBUQUERQUE SILVA;EDUARDO DA FONTE;M;DEPUTADO;526389;54;3;1;01-02-2011;31-01-2015;04-02-2013;23-12-2013;Ordinária;31-07-2013;01-08-2013;-1;-1;-1;;;;;N/A;;;593759;2013;6441;PL 6441/2013;ORGANIZAÇÃO ADMINISTRATIVA DO ESTADO,RECURSOS HÍDRICOS, MINERAIS E POLÍTICA ENERGÉTICA;N/A;N/A;-1;PE;NORDESTE;PERNAMBUCO;PARTIDO PROGRESSISTA;115;PP;N/A;PL;PROJETO DE LEI;PROJETO DE LEI;1;ATIVADO;;N/A;-1;N/A;-1;N/A;TipoParlamentar_10000;DEPUTADO
10-10-2011;;10000;RUBENS BUENO;RUBENS BUENO;M;DEPUTADO;530121;54;1;1;01-02-2011;31-01-2015;02-02-2011;22-12-2011;Ordinária;18-07-2011;01-08-2011;-1;-1;-1;;;;;N/A;;;523310;2011;95;PEC 95/2011;ORGANIZAÇÃO ADMINISTRATIVA DO ESTADO;N/A;N/A;-1;PR;SUL;PARANÁ;PARTIDO POPULAR SOCIALISTA;118;PPS;N/A;PEC;PROPOSTA DE EMENDA À CONSTITUIÇÃO;PROPOSTA DE EMENDA À CONSTITUIÇÃO (ART. 60 CF C/C ART. 201 A 203, RICD);1;ATIVADO;;N/A;-1;N/A;-1;N/A;TipoParlamentar_10000;DEPUTADO
09-04-2002;;10000;JOÃO HERRMANN NETO;JOÃO HERRMANN;M;DEPUTADO;523768;51;4;1;01-02-1999;31-01-2003;15-02-2002;16-12-2002;Ordinária;02-07-2002;01-08-2002;-1;-1;-1;;;;;N/A;;;48280;2002;515;PEC 515/2002;ORGANIZAÇÃO ADMINISTRATIVA DO ESTADO;N/A;N/A;-1;SP;SUDESTE;SÃO PAULO;PARTIDO POPULAR SOCIALISTA;118;PPS;N/A;PEC;PROPOSTA DE EMENDA À CONSTITUIÇÃO;PROPOSTA DE EMENDA À CONSTITUIÇÃO (ART. 60 CF C/C ART. 201 A 203, RICD);1;ATIVADO;;N/A;-1;N/A;-1;N/A;TipoParlamentar_10000;DEPUTADO
23-04-2002;;10000;JOÃO CARLOS DE ALMEIDA SAMPAIO;JOÃO SAMPAIO;M;DEPUTADO;1650;51;4;1;01-02-1999;31-01-2003;15-02-2002;16-12-2002;Ordinária;02-07-2002;01-08-2002;-1;-1;-1;;;;;N/A;;;49695;2002;529;PEC 529/2002;ORGANIZAÇÃO ADMINISTRATIVA DO ESTADO;N/A;N/A;-1;RJ;SUDESTE;RIO DE JANEIRO;PARTIDO DEMOCRÁTICO TRABALHISTA;104;PDT;N/A;PEC;PROPOSTA DE EMENDA À CONSTITUIÇÃO;PROPOSTA DE EMENDA À CONSTITUIÇÃO (ART. 60 CF C/C ART. 201 A 203, RICD);1;ATIVADO;;N/A;-1;N/A;-1;N/A;TipoParlamentar_10000;DEPUTADO
08-10-2003;;10000;JAIME MARTINS FILHO;JAIME MARTINS;M;DEPUTADO;521243;52;1;1;01-02-2003;31-01-2007;17-02-2003;15-12-2003;Ordinária;30-06-2003;01-08-2003;-1;-1;-1;;;;;N/A;;;136833;2003;178;PEC 178/2003;ORGANIZAÇÃO ADMINISTRATIVA DO ESTADO,ORGANIZAÇÃO POLÍTICO-ADMINISTRATIVA DO ESTADO (UTILIZADO ATÉ A LEGISLATURA 53);N/A;N/A;-1;MG;SUDESTE;MINAS GERAIS;PARTIDO LIBERAL;110;PL;N/A;PEC;PROPOSTA DE EMENDA À CONSTITUIÇÃO;PROPOSTA DE EMENDA À CONSTITUIÇÃO (ART. 60 CF C/C ART. 201 A 203, RICD);1;ATIVADO;;N/A;-1;N/A;-1;N/A;TipoParlamentar_10000;DEPUTADO
27-04-2011;;10000;GUILHERME MUSSI FERREIRA;GUILHERME MUSSI;M;DEPUTADO;530203;54;1;1;01-02-2011;31-01-2015;02-02-2011;22-12-2011;Ordinária;18-07-2011;01-08-2011;-1;-1;-1;;;;;N/A;;;499720;2011;1177;PL 1177/2011;EDUCAÇÃO,ORGANIZAÇÃO ADMINISTRATIVA DO ESTADO;N/A;N/A;-1;SP;SUDESTE;SÃO PAULO;PARTIDO VERDE;140;PV;N/A;PL;PROJETO DE LEI;PROJETO DE LEI;1;ATIVADO;;N/A;-1;N/A;-1;N/A;TipoParlamentar_10000;DEPUTADO
04-06-2014;;10000;ADEMIR CAMILO PRATES RODRIGUES;ADEMIR CAMILO;M;DEPUTADO;521210;54;4;1;01-02-2011;31-01-2015;03-02-2014;22-12-2014;Ordinária;31-07-2014;01-08-2014;-1;-1;-1;;;;;N/A;;;618369;2014;414;PEC 414/2014;ORGANIZAÇÃO ADMINISTRATIVA DO ESTADO;N/A;N/A;-1;MG;SUDESTE;MINAS GERAIS;PARTIDO REPUBLICANO DA ORDEM SOCIAL;222;PROS;N/A;PEC;PROPOSTA DE EMENDA À CONSTITUIÇÃO;PROPOSTA DE EMENDA À CONSTITUIÇÃO (ART. 60 CF C/C ART. 201 A 203, RICD);1;ATIVADO;;N/A;-1;N/A;-1;N/A;TipoParlamentar_10000;DEPUTADO
06-03-2013;;10000;ONOFRE SANTO AGUSTINI;ONOFRE SANTO AGOSTINI;M;DEPUTADO;530175;54;3;1;01-02-2011;31-01-2015;04-02-2013;23-12-2013;Ordinária;31-07-2013;01-08-2013;-1;-1;-1;;;;;N/A;;;566500;2013;243;PEC 243/2013;ORGANIZAÇÃO ADMINISTRATIVA DO ESTADO;N/A;N/A;-1;SC;SUL;SANTA CATARINA;PARTIDO SOCIAL DEMOCRÁTICO;127;PSD;N/A;PEC;PROPOSTA DE EMENDA À CONSTITUIÇÃO;PROPOSTA DE EMENDA À CONSTITUIÇÃO (ART. 60 CF C/C ART. 201 A 203, RICD);1;ATIVADO;;N/A;-1;N/A;-1;N/A;TipoParlamentar_10000;DEPUTADO
29-07-2003;;10000;RODOLFO PEREIRA;DR. RODOLFO PEREIRA;M;DEPUTADO;522997;52;1;2;01-02-2003;31-01-2007;01-07-2003;31-07-2003;Extraordinária;;;-1;-1;-1;;;;;N/A;;;126016;2003;122;PEC 122/2003;ORGANIZAÇÃO ADMINISTRATIVA DO ESTADO,ORGANIZAÇÃO POLÍTICO-ADMINISTRATIVA DO ESTADO (UTILIZADO ATÉ A LEGISLATURA 53);N/A;N/A;-1;RR;NORTE;RORAIMA;PARTIDO DEMOCRÁTICO TRABALHISTA;104;PDT;N/A;PEC;PROPOSTA DE EMENDA À CONSTITUIÇÃO;PROPOSTA DE EMENDA À CONSTITUIÇÃO (ART. 60 CF C/C ART. 201 A 203, RICD);1;ATIVADO;;N/A;-1;N/A;-1;N/A;TipoParlamentar_10000;DEPUTADO
03-06-2014;04-06-2014;10000;DOMINGOS SÁVIO CAMPOS RESENDE;DOMINGOS SÁVIO;M;DEPUTADO;530079;54;4;1;01-02-2011;31-01-2015;03-02-2014;22-12-2014;Ordinária;31-07-2014;01-08-2014;54;4;1;01-02-2011;31-01-2015;03-02-2014;22-12-2014;Ordinária;31-07-2014;01-08-2014;617959;2014;253;PRC 253/2014;ORGANIZAÇÃO ADMINISTRATIVA DO ESTADO;RCD;RESOLUÇÃO DA CÂMARA DOS DEPUTADOS;39;MG;SUDESTE;MINAS GERAIS;PARTIDO DA SOCIAL DEMOCRACIA BRASILEIRA;128;PSDB;TRANSFORMADA EM NORMA;PRC;PROJETO DE RESOLUÇÃO;PROJETO DE RESOLUÇÃO;1;ATIVADO;;N/A;-1;N/A;-1;N/A;TipoParlamentar_10000;DEPUTADO
17-04-2002;;10000;OSMAR JOSÉ SERRAGLIO;OSMAR SERRAGLIO;M;DEPUTADO;522117;51;4;1;01-02-1999;31-01-2003;15-02-2002;16-12-2002;Ordinária;02-07-2002;01-08-2002;-1;-1;-1;;;;;N/A;;;49213;2002;525;PEC 525/2002;ORGANIZAÇÃO ADMINISTRATIVA DO ESTADO,ORGANIZAÇÃO POLÍTICO-ADMINISTRATIVA DO ESTADO (UTILIZADO ATÉ A LEGISLATURA 53);N/A;N/A;-1;PR;SUL;PARANÁ;PARTIDO DO MOVIMENTO DEMOCRÁTICO BRASILEIRO;111;PMDB;N/A;PEC;PROPOSTA DE EMENDA À CONSTITUIÇÃO;PROPOSTA DE EMENDA À CONSTITUIÇÃO (ART. 60 CF C/C ART. 201 A 203, RICD);1;ATIVADO;;N/A;-1;N/A;-1;N/A;TipoParlamentar_10000;DEPUTADO
18-12-2003;;10000;JOSÉ RENATO CASAGRANDE;RENATO CASAGRANDE;M;DEPUTADO;520718;52;2;2;01-02-2003;31-01-2007;16-12-2003;23-12-2003;Extraordinária;;;-1;-1;-1;;;;;N/A;;;149743;2003;222;PEC 222/2003;ORGANIZAÇÃO ADMINISTRATIVA DO ESTADO,ORGANIZAÇÃO POLÍTICO-ADMINISTRATIVA DO ESTADO (UTILIZADO ATÉ A LEGISLATURA 53);N/A;N/A;-1;ES;SUDESTE;ESPÍRITO SANTO;PARTIDO SOCIALISTA BRASILEIRO;125;PSB;N/A;PEC;PROPOSTA DE EMENDA À CONSTITUIÇÃO;PROPOSTA DE EMENDA À CONSTITUIÇÃO (ART. 60 CF C/C ART. 201 A 203, RICD);1;ATIVADO;;N/A;-1;N/A;-1;N/A;TipoParlamentar_10000;DEPUTADO
04-07-2012;;10000;CARLOS ORLEANS BRANDÃO JUNIOR;CARLOS BRANDÃO;M;DEPUTADO;525372;54;2;1;01-02-2011;31-01-2015;02-02-2012;24-12-2012;Ordinária;17-07-2012;01-08-2012;-1;-1;-1;;;;;N/A;;;550622;2012;191;PLP 191/2012;ORGANIZAÇÃO ADMINISTRATIVA DO ESTADO;N/A;N/A;-1;MA;NORDESTE;MARANHÃO;PARTIDO DA SOCIAL DEMOCRACIA BRASILEIRA;128;PSDB;N/A;PLP;PROJETO DE LEI COMPLEMENTAR;PROJETO DE LEI COMPLEMENTAR (ART. 61 CF);1;ATIVADO;;N/A;-1;N/A;-1;N/A;TipoParlamentar_10000;DEPUTADO
11-06-2013;;10000;BERNARDO DE VASCONCELLOS MOREIRA;BERNARDO SANTANA DE VASCONCELLOS;M;DEPUTADO;530074;54;3;1;01-02-2011;31-01-2015;04-02-2013;23-12-2013;Ordinária;31-07-2013;01-08-2013;-1;-1;-1;;;;;N/A;;;580431;2013;277;PEC 277/2013;ORGANIZAÇÃO ADMINISTRATIVA DO ESTADO;N/A;N/A;-1;MG;SUDESTE;MINAS GERAIS;PARTIDO DA REPÚBLICA;168;PR;N/A;PEC;PROPOSTA DE EMENDA À CONSTITUIÇÃO;PROPOSTA DE EMENDA À CONSTITUIÇÃO (ART. 60 CF C/C ART. 201 A 203, RICD);1;ATIVADO;;N/A;-1;N/A;-1;N/A;TipoParlamentar_10000;DEPUTADO
16-05-2012;;10000;JOSÉ MENDONÇA BEZERRA FILHO;MENDONÇA FILHO;M;DEPUTADO;530105;54;2;1;01-02-2011;31-01-2015;02-02-2012;24-12-2012;Ordinária;17-07-2012;01-08-2012;-1;-1;-1;;;;;N/A;;;544680;2012;171;PEC 171/2012;ORGANIZAÇÃO ADMINISTRATIVA DO ESTADO;N/A;N/A;-1;PE;NORDESTE;PERNAMBUCO;DEMOCRATAS;202;DEM;N/A;PEC;PROPOSTA DE EMENDA À CONSTITUIÇÃO;PROPOSTA DE EMENDA À CONSTITUIÇÃO (ART. 60 CF C/C ART. 201 A 203, RICD);1;ATIVADO;;N/A;-1;N/A;-1;N/A;TipoParlamentar_10000;DEPUTADO
08-11-2012;;10000;FRANCISCO LUIZ ESCÓRCIO LIMA;FRANCISCO ESCÓRCIO;M;DEPUTADO;531070;54;2;1;01-02-2011;31-01-2015;02-02-2012;24-12-2012;Ordinária;17-07-2012;01-08-2012;-1;-1;-1;;;;;N/A;;;559113;2012;216;PEC 216/2012;ORGANIZAÇÃO ADMINISTRATIVA DO ESTADO;N/A;N/A;-1;MA;NORDESTE;MARANHÃO;PARTIDO DO MOVIMENTO DEMOCRÁTICO BRASILEIRO;111;PMDB;N/A;PEC;PROPOSTA DE EMENDA À CONSTITUIÇÃO;PROPOSTA DE EMENDA À CONSTITUIÇÃO (ART. 60 CF C/C ART. 201 A 203, RICD);1;ATIVADO;;N/A;-1;N/A;-1;N/A;TipoParlamentar_10000;DEPUTADO
20-12-2012;;10000;JOSÉ DE ARAÚJO MENDONÇA SOBRINHO;MENDONÇA PRADO;M;DEPUTADO;523410;54;2;1;01-02-2011;31-01-2015;02-02-2012;24-12-2012;Ordinária;17-07-2012;01-08-2012;-1;-1;-1;;;;;N/A;;;564331;2012;235;PEC 235/2012;ORGANIZAÇÃO ADMINISTRATIVA DO ESTADO;N/A;N/A;-1;SE;NORDESTE;SERGIPE;DEMOCRATAS;202;DEM;N/A;PEC;PROPOSTA DE EMENDA À CONSTITUIÇÃO;PROPOSTA DE EMENDA À CONSTITUIÇÃO (ART. 60 CF C/C ART. 201 A 203, RICD);1;ATIVADO;;N/A;-1;N/A;-1;N/A;TipoParlamentar_10000;DEPUTADO
02-04-2013;;10000;FELIX DE ALMEIDA MENDONÇA JÚNIOR;FÉLIX MENDONÇA JÚNIOR;M;DEPUTADO;530017;54;3;1;01-02-2011;31-01-2015;04-02-2013;23-12-2013;Ordinária;31-07-2013;01-08-2013;-1;-1;-1;;;;;N/A;;;569987;2013;256;PEC 256/2013;ORGANIZAÇÃO ADMINISTRATIVA DO ESTADO;N/A;N/A;-1;BA;NORDESTE;BAHIA;PARTIDO DEMOCRÁTICO TRABALHISTA;104;PDT;N/A;PEC;PROPOSTA DE EMENDA À CONSTITUIÇÃO;PROPOSTA DE EMENDA À CONSTITUIÇÃO (ART. 60 CF C/C ART. 201 A 203, RICD);1;ATIVADO;;N/A;-1;N/A;-1;N/A;TipoParlamentar_10000;DEPUTADO
26-06-2002;;10000;ALCEU DE DEUS COLLARES;ALCEU COLLARES;M;DEPUTADO;523079;51;4;1;01-02-1999;31-01-2003;15-02-2002;16-12-2002;Ordinária;02-07-2002;01-08-2002;-1;-1;-1;;;;;N/A;;;59862;2002;566;PEC 566/2002;ORGANIZAÇÃO ADMINISTRATIVA DO ESTADO,ORGANIZAÇÃO POLÍTICO-ADMINISTRATIVA DO ESTADO (UTILIZADO ATÉ A LEGISLATURA 53);N/A;N/A;-1;RS;SUL;RIO GRANDE DO SUL;PARTIDO DEMOCRÁTICO TRABALHISTA;104;PDT;N/A;PEC;PROPOSTA DE EMENDA À CONSTITUIÇÃO;PROPOSTA DE EMENDA À CONSTITUIÇÃO (ART. 60 CF C/C ART. 201 A 203, RICD);1;ATIVADO;;N/A;-1;N/A;-1;N/A;TipoParlamentar_10000;DEPUTADO
06-06-2013;;10000;LUIZA ERUNDINA DE SOUSA;LUIZA ERUNDINA;F;DEPUTADO;523941;54;3;1;01-02-2011;31-01-2015;04-02-2013;23-12-2013;Ordinária;31-07-2013;01-08-2013;-1;-1;-1;;;;;N/A;;;579931;2013;275;PEC 275/2013;ORGANIZAÇÃO ADMINISTRATIVA DO ESTADO;N/A;N/A;-1;SP;SUDESTE;SÃO PAULO;PARTIDO SOCIALISTA BRASILEIRO;125;PSB;N/A;PEC;PROPOSTA DE EMENDA À CONSTITUIÇÃO;PROPOSTA DE EMENDA À CONSTITUIÇÃO (ART. 60 CF C/C ART. 201 A 203, RICD);1;ATIVADO;;N/A;-1;N/A;-1;N/A;TipoParlamentar_10000;DEPUTADO
26-05-2011;;10000;BONIFÁCIO JOSÉ TAMM DE ANDRADA;BONIFÁCIO DE ANDRADA;M;DEPUTADO;531197;54;1;1;01-02-2011;31-01-2015;02-02-2011;22-12-2011;Ordinária;18-07-2011;01-08-2011;-1;-1;-1;;;;;N/A;;;504049;2011;1459;PL 1459/2011;ORGANIZAÇÃO ADMINISTRATIVA DO ESTADO;N/A;N/A;-1;MG;SUDESTE;MINAS GERAIS;PARTIDO DA SOCIAL DEMOCRACIA BRASILEIRA;128;PSDB;N/A;PL;PROJETO DE LEI;PROJETO DE LEI;1;ATIVADO;;N/A;-1;N/A;-1;N/A;TipoParlamentar_10000;DEPUTADO
01-09-2011;;10000;JORGE SILVA;DR. JORGE SILVA;M;DEPUTADO;530048;54;1;1;01-02-2011;31-01-2015;02-02-2011;22-12-2011;Ordinária;18-07-2011;01-08-2011;-1;-1;-1;;;;;N/A;;;518741;2011;79;PEC 79/2011;DIREITO E JUSTIÇA,ORGANIZAÇÃO ADMINISTRATIVA DO ESTADO;N/A;N/A;-1;ES;SUDESTE;ESPÍRITO SANTO;PARTIDO DEMOCRÁTICO TRABALHISTA;104;PDT;N/A;PEC;PROPOSTA DE EMENDA À CONSTITUIÇÃO;PROPOSTA DE EMENDA À CONSTITUIÇÃO (ART. 60 CF C/C ART. 201 A 203, RICD);1;ATIVADO;;N/A;-1;N/A;-1;N/A;TipoParlamentar_10000;DEPUTADO
30-06-2011;;10000;ALEXANDRE JOSÉ DOS SANTOS;ALEXANDRE SANTOS;M;DEPUTADO;522696;54;1;1;01-02-2011;31-01-2015;02-02-2011;22-12-2011;Ordinária;18-07-2011;01-08-2011;-1;-1;-1;;;;;N/A;;;510812;2011;48;PEC 48/2011;ORGANIZAÇÃO ADMINISTRATIVA DO ESTADO;N/A;N/A;-1;RJ;SUDESTE;RIO DE JANEIRO;PARTIDO DO MOVIMENTO DEMOCRÁTICO BRASILEIRO;111;PMDB;N/A;PEC;PROPOSTA DE EMENDA À CONSTITUIÇÃO;PROPOSTA DE EMENDA À CONSTITUIÇÃO (ART. 60 CF C/C ART. 201 A 203, RICD);1;ATIVADO;;N/A;-1;N/A;-1;N/A;TipoParlamentar_10000;DEPUTADO
03-02-2011;;10000;WELITON FERNANDES PRADO;WELITON PRADO;M;DEPUTADO;530069;54;1;1;01-02-2011;31-01-2015;02-02-2011;22-12-2011;Ordinária;18-07-2011;01-08-2011;-1;-1;-1;;;;;N/A;;;490932;2011;34;PL 34/2011;ORGANIZAÇÃO ADMINISTRATIVA DO ESTADO;N/A;N/A;-1;MG;SUDESTE;MINAS GERAIS;PARTIDO DOS TRABALHADORES;134;PT;N/A;PL;PROJETO DE LEI;PROJETO DE LEI;1;ATIVADO;;N/A;-1;N/A;-1;N/A;TipoParlamentar_10000;DEPUTADO
16-04-2009;;10000;BONIFÁCIO JOSÉ TAMM DE ANDRADA;BONIFÁCIO DE ANDRADA;M;DEPUTADO;531197;53;3;1;01-02-2007;31-01-2011;02-02-2009;22-12-2009;Ordinária;17-07-2009;03-08-2009;-1;-1;-1;;;;;N/A;;;431114;2009;5078;PL 5078/2009;ORGANIZAÇÃO ADMINISTRATIVA DO ESTADO;N/A;N/A;-1;MG;SUDESTE;MINAS GERAIS;PARTIDO DA SOCIAL DEMOCRACIA BRASILEIRA;128;PSDB;N/A;PL;PROJETO DE LEI;PROJETO DE LEI;1;ATIVADO;;N/A;-1;N/A;-1;N/A;TipoParlamentar_10000;DEPUTADO
28-04-2011;;10000;RUBENS BUENO;RUBENS BUENO;M;DEPUTADO;530121;54;1;1;01-02-2011;31-01-2015;02-02-2011;22-12-2011;Ordinária;18-07-2011;01-08-2011;-1;-1;-1;;;;;N/A;;;499894;2011;17;PEC 17/2011;ORGANIZAÇÃO ADMINISTRATIVA DO ESTADO;N/A;N/A;-1;PR;SUL;PARANÁ;PARTIDO POPULAR SOCIALISTA;118;PPS;N/A;PEC;PROPOSTA DE EMENDA À CONSTITUIÇÃO;PROPOSTA DE EMENDA À CONSTITUIÇÃO (ART. 60 CF C/C ART. 201 A 203, RICD);1;ATIVADO;;N/A;-1;N/A;-1;N/A;TipoParlamentar_10000;DEPUTADO
22-05-2012;;10000;JORGE SILVA;DR. JORGE SILVA;M;DEPUTADO;530048;54;2;1;01-02-2011;31-01-2015;02-02-2012;24-12-2012;Ordinária;17-07-2012;01-08-2012;-1;-1;-1;;;;;N/A;;;545231;2012;175;PEC 175/2012;ORGANIZAÇÃO ADMINISTRATIVA DO ESTADO;N/A;N/A;-1;ES;SUDESTE;ESPÍRITO SANTO;PARTIDO DEMOCRÁTICO TRABALHISTA;104;PDT;N/A;PEC;PROPOSTA DE EMENDA À CONSTITUIÇÃO;PROPOSTA DE EMENDA À CONSTITUIÇÃO (ART. 60 CF C/C ART. 201 A 203, RICD);1;ATIVADO;;N/A;-1;N/A;-1;N/A;TipoParlamentar_10000;DEPUTADO
27-06-2012;;10000;RICARDO IZAR JUNIOR;RICARDO IZAR;M;DEPUTADO;530206;54;2;1;01-02-2011;31-01-2015;02-02-2012;24-12-2012;Ordinária;17-07-2012;01-08-2012;-1;-1;-1;;;;;N/A;;;549727;2012;189;PLP 189/2012;ORGANIZAÇÃO ADMINISTRATIVA DO ESTADO;N/A;N/A;-1;SP;SUDESTE;SÃO PAULO;PARTIDO SOCIAL DEMOCRÁTICO;127;PSD;N/A;PLP;PROJETO DE LEI COMPLEMENTAR;PROJETO DE LEI COMPLEMENTAR (ART. 61 CF);1;ATIVADO;;N/A;-1;N/A;-1;N/A;TipoParlamentar_10000;DEPUTADO
26-10-2011;;10000;LOURIVAL MENDES DA FONSECA FILHO;LOURIVAL MENDES;M;DEPUTADO;530062;54;1;1;01-02-2011;31-01-2015;02-02-2011;22-12-2011;Ordinária;18-07-2011;01-08-2011;-1;-1;-1;;;;;N/A;;;525129;2011;102;PEC 102/2011;ORGANIZAÇÃO ADMINISTRATIVA DO ESTADO;N/A;N/A;-1;MA;NORDESTE;MARANHÃO;PARTIDO TRABALHISTA DO BRASIL;200;PTDOB;N/A;PEC;PROPOSTA DE EMENDA À CONSTITUIÇÃO;PROPOSTA DE EMENDA À CONSTITUIÇÃO (ART. 60 CF C/C ART. 201 A 203, RICD);1;ATIVADO;;N/A;-1;N/A;-1;N/A;TipoParlamentar_10000;DEPUTADO
14-02-2012;;10000;ELISEU LEMOS PADILHA;ELISEU PADILHA;M;DEPUTADO;533082;54;2;1;01-02-2011;31-01-2015;02-02-2012;24-12-2012;Ordinária;17-07-2012;01-08-2012;-1;-1;-1;;;;;N/A;;;534572;2012;3201;PL 3201/2012;ORGANIZAÇÃO ADMINISTRATIVA DO ESTADO;N/A;N/A;-1;RS;SUL;RIO GRANDE DO SUL;PARTIDO DO MOVIMENTO DEMOCRÁTICO BRASILEIRO;111;PMDB;N/A;PL;PROJETO DE LEI;PROJETO DE LEI;1;ATIVADO;;N/A;-1;N/A;-1;N/A;TipoParlamentar_10000;DEPUTADO
26-11-2002;;10000;BENEDITO DIAS DE CARVALHO;DR. BENEDITO DIAS;M;DEPUTADO;520213;51;4;1;01-02-1999;31-01-2003;15-02-2002;16-12-2002;Ordinária;02-07-2002;01-08-2002;-1;-1;-1;;;;;N/A;;;98965;2002;2419;PDC 2419/2002;ORGANIZAÇÃO ADMINISTRATIVA DO ESTADO;N/A;N/A;-1;AP;NORTE;AMAPÁ;PARTIDO PROGRESSISTA BRASILEIRO;116;PPB;N/A;PDC;PROJETO DE DECRETO LEGISLATIVO;PROJETO DE DECRETO LEGISLATIVO;1;ATIVADO;;N/A;-1;N/A;-1;N/A;TipoParlamentar_10000;DEPUTADO
27-11-2002;;10000;JOÃO PIMENTA DA VEIGA FILHO;PIMENTA DA VEIGA;M;DEPUTADO;886;51;4;1;01-02-1999;31-01-2003;15-02-2002;16-12-2002;Ordinária;02-07-2002;01-08-2002;-1;-1;-1;;;;;N/A;;;99377;2002;2420;PDC 2420/2002;ORGANIZAÇÃO ADMINISTRATIVA DO ESTADO;N/A;N/A;-1;MG;SUDESTE;MINAS GERAIS;PARTIDO DA SOCIAL DEMOCRACIA BRASILEIRA;128;PSDB;N/A;PDC;PROJETO DE DECRETO LEGISLATIVO;PROJETO DE DECRETO LEGISLATIVO;1;ATIVADO;;N/A;-1;N/A;-1;N/A;TipoParlamentar_10000;DEPUTADO
09-10-2013;;10000;FELIX DE ALMEIDA MENDONÇA JÚNIOR;FÉLIX MENDONÇA JÚNIOR;M;DEPUTADO;530017;54;3;1;01-02-2011;31-01-2015;04-02-2013;23-12-2013;Ordinária;31-07-2013;01-08-2013;-1;-1;-1;;;;;N/A;;;595996;2013;324;PEC 324/2013;ORGANIZAÇÃO ADMINISTRATIVA DO ESTADO;N/A;N/A;-1;BA;NORDESTE;BAHIA;PARTIDO DEMOCRÁTICO TRABALHISTA;104;PDT;N/A;PEC;PROPOSTA DE EMENDA À CONSTITUIÇÃO;PROPOSTA DE EMENDA À CONSTITUIÇÃO (ART. 60 CF C/C ART. 201 A 203, RICD);1;ATIVADO;;N/A;-1;N/A;-1;N/A;TipoParlamentar_10000;DEPUTADO
20-11-2013;;10000;BONIFÁCIO JOSÉ TAMM DE ANDRADA;BONIFÁCIO DE ANDRADA;M;DEPUTADO;531197;54;3;1;01-02-2011;31-01-2015;04-02-2013;23-12-2013;Ordinária;31-07-2013;01-08-2013;-1;-1;-1;;;;;N/A;;;601678;2013;355;PEC 355/2013;ORGANIZAÇÃO ADMINISTRATIVA DO ESTADO;N/A;N/A;-1;MG;SUDESTE;MINAS GERAIS;PARTIDO DA SOCIAL DEMOCRACIA BRASILEIRA;128;PSDB;N/A;PEC;PROPOSTA DE EMENDA À CONSTITUIÇÃO;PROPOSTA DE EMENDA À CONSTITUIÇÃO (ART. 60 CF C/C ART. 201 A 203, RICD);1;ATIVADO;;N/A;-1;N/A;-1;N/A;TipoParlamentar_10000;DEPUTADO
16-03-2011;;10000;LOURIVAL MENDES DA FONSECA FILHO;LOURIVAL MENDES;M;DEPUTADO;530062;54;1;1;01-02-2011;31-01-2015;02-02-2011;22-12-2011;Ordinária;18-07-2011;01-08-2011;-1;-1;-1;;;;;N/A;;;494919;2011;7;PEC 7/2011;ORGANIZAÇÃO ADMINISTRATIVA DO ESTADO;N/A;N/A;-1;MA;NORDESTE;MARANHÃO;PARTIDO TRABALHISTA DO BRASIL;200;PTDOB;N/A;PEC;PROPOSTA DE EMENDA À CONSTITUIÇÃO;PROPOSTA DE EMENDA À CONSTITUIÇÃO (ART. 60 CF C/C ART. 201 A 203, RICD);1;ATIVADO;;N/A;-1;N/A;-1;N/A;TipoParlamentar_10000;DEPUTADO
02-08-2011;;10000;FLAVIANO FLÁVIO BAPTISTA DE MELO;FLAVIANO MELO;M;DEPUTADO;524512;54;1;1;01-02-2011;31-01-2015;02-02-2011;22-12-2011;Ordinária;18-07-2011;01-08-2011;-1;-1;-1;;;;;N/A;;;513465;2011;59;PEC 59/2011;ORGANIZAÇÃO ADMINISTRATIVA DO ESTADO;N/A;N/A;-1;AC;NORTE;ACRE;PARTIDO DO MOVIMENTO DEMOCRÁTICO BRASILEIRO;111;PMDB;N/A;PEC;PROPOSTA DE EMENDA À CONSTITUIÇÃO;PROPOSTA DE EMENDA À CONSTITUIÇÃO (ART. 60 CF C/C ART. 201 A 203, RICD);1;ATIVADO;;N/A;-1;N/A;-1;N/A;TipoParlamentar_10000;DEPUTADO
11-06-2003;;10000;FRANCISCO MARCELO ORTIZ FILHO;MARCELO ORTIZ;M;DEPUTADO;524017;52;1;1;01-02-2003;31-01-2007;17-02-2003;15-12-2003;Ordinária;30-06-2003;01-08-2003;-1;-1;-1;;;;;N/A;;;119659;2003;95;PEC 95/2003;ORGANIZAÇÃO ADMINISTRATIVA DO ESTADO,ORGANIZAÇÃO POLÍTICO-ADMINISTRATIVA DO ESTADO (UTILIZADO ATÉ A LEGISLATURA 53);N/A;N/A;-1;SP;SUDESTE;SÃO PAULO;PARTIDO VERDE;140;PV;N/A;PEC;PROPOSTA DE EMENDA À CONSTITUIÇÃO;PROPOSTA DE EMENDA À CONSTITUIÇÃO (ART. 60 CF C/C ART. 201 A 203, RICD);1;ATIVADO;;N/A;-1;N/A;-1;N/A;TipoParlamentar_10000;DEPUTADO
14-09-2011;;10000;JESUS RODRIGUES ALVES;JESUS RODRIGUES;M;DEPUTADO;530113;54;1;1;01-02-2011;31-01-2015;02-02-2011;22-12-2011;Ordinária;18-07-2011;01-08-2011;-1;-1;-1;;;;;N/A;;;519814;2011;2317;PL 2317/2011;ORGANIZAÇÃO ADMINISTRATIVA DO ESTADO;N/A;N/A;-1;PI;NORDESTE;PIAUÍ;PARTIDO DOS TRABALHADORES;134;PT;N/A;PL;PROJETO DE LEI;PROJETO DE LEI;1;ATIVADO;;N/A;-1;N/A;-1;N/A;TipoParlamentar_10000;DEPUTADO
26-06-2002;;10000;ROMEU FERREIRA DE QUEIROZ;ROMEU QUEIROZ;M;DEPUTADO;521081;51;4;1;01-02-1999;31-01-2003;15-02-2002;16-12-2002;Ordinária;02-07-2002;01-08-2002;-1;-1;-1;;;;;N/A;;;59471;2002;2095;PDC 2095/2002;ORGANIZAÇÃO ADMINISTRATIVA DO ESTADO;N/A;N/A;-1;MG;SUDESTE;MINAS GERAIS;PARTIDO TRABALHISTA BRASILEIRO;136;PTB;N/A;PDC;PROJETO DE DECRETO LEGISLATIVO;PROJETO DE DECRETO LEGISLATIVO;1;ATIVADO;;N/A;-1;N/A;-1;N/A;TipoParlamentar_10000;DEPUTADO
16-04-2002;;10000;EULER LÁZARO DE MORAIS;EULER MORAIS;M;DEPUTADO;592;51;4;1;01-02-1999;31-01-2003;15-02-2002;16-12-2002;Ordinária;02-07-2002;01-08-2002;-1;-1;-1;;;;;N/A;;;49066;2002;523;PEC 523/2002;ORGANIZAÇÃO ADMINISTRATIVA DO ESTADO;N/A;N/A;-1;GO;CENTRO-OESTE;GOIÁS;PARTIDO DO MOVIMENTO DEMOCRÁTICO BRASILEIRO;111;PMDB;N/A;PEC;PROPOSTA DE EMENDA À CONSTITUIÇÃO;PROPOSTA DE EMENDA À CONSTITUIÇÃO (ART. 60 CF C/C ART. 201 A 203, RICD);1;ATIVADO;;N/A;-1;N/A;-1;N/A;TipoParlamentar_10000;DEPUTADO
27-11-2002;;10000;CARLOS EDUARDO MOREIRA FERREIRA;MOREIRA FERREIRA;M;DEPUTADO;2548;51;4;1;01-02-1999;31-01-2003;15-02-2002;16-12-2002;Ordinária;02-07-2002;01-08-2002;-1;-1;-1;;;;;N/A;;;99374;2002;578;PEC 578/2002;ORGANIZAÇÃO ADMINISTRATIVA DO ESTADO;N/A;N/A;-1;SP;SUDESTE;SÃO PAULO;PARTIDO DA FRENTE LIBERAL;106;PFL;N/A;PEC;PROPOSTA DE EMENDA À CONSTITUIÇÃO;PROPOSTA DE EMENDA À CONSTITUIÇÃO (ART. 60 CF C/C ART. 201 A 203, RICD);1;ATIVADO;;N/A;-1;N/A;-1;N/A;TipoParlamentar_10000;DEPUTADO
06-03-2013;;10000;JÚLIO CÉSAR DE CARVALHO LIMA;JÚLIO CESAR;M;DEPUTADO;522014;54;3;1;01-02-2011;31-01-2015;04-02-2013;23-12-2013;Ordinária;31-07-2013;01-08-2013;-1;-1;-1;;;;;N/A;;;566537;2013;244;PEC 244/2013;ORGANIZAÇÃO ADMINISTRATIVA DO ESTADO;N/A;N/A;-1;PI;NORDESTE;PIAUÍ;PARTIDO SOCIAL DEMOCRÁTICO;127;PSD;N/A;PEC;PROPOSTA DE EMENDA À CONSTITUIÇÃO;PROPOSTA DE EMENDA À CONSTITUIÇÃO (ART. 60 CF C/C ART. 201 A 203, RICD);1;ATIVADO;;N/A;-1;N/A;-1;N/A;TipoParlamentar_10000;DEPUTADO
20-03-2013;;10000;CARLOS GOMES BEZERRA;CARLOS BEZERRA;M;DEPUTADO;526056;54;3;1;01-02-2011;31-01-2015;04-02-2013;23-12-2013;Ordinária;31-07-2013;01-08-2013;-1;-1;-1;;;;;N/A;;;568691;2013;252;PLP 252/2013;ORGANIZAÇÃO ADMINISTRATIVA DO ESTADO;N/A;N/A;-1;MT;CENTRO-OESTE;MATO GROSSO;PARTIDO DO MOVIMENTO DEMOCRÁTICO BRASILEIRO;111;PMDB;N/A;PLP;PROJETO DE LEI COMPLEMENTAR;PROJETO DE LEI COMPLEMENTAR (ART. 61 CF);1;ATIVADO;;N/A;-1;N/A;-1;N/A;TipoParlamentar_10000;DEPUTADO
15-05-2013;;10000;JOSÉ OLIMPIO SILVEIRA MORAES;MISSIONÁRIO JOSÉ OLIMPIO;M;DEPUTADO;530184;54;3;1;01-02-2011;31-01-2015;04-02-2013;23-12-2013;Ordinária;31-07-2013;01-08-2013;-1;-1;-1;;;;;N/A;;;577090;2013;5588;PL 5588/2013;HOMENAGENS E DATAS COMEMORATIVAS,ORGANIZAÇÃO ADMINISTRATIVA DO ESTADO;N/A;N/A;-1;SP;SUDESTE;SÃO PAULO;PARTIDO PROGRESSISTA;115;PP;N/A;PL;PROJETO DE LEI;PROJETO DE LEI;1;ATIVADO;;N/A;-1;N/A;-1;N/A;TipoParlamentar_10000;DEPUTADO
23-08-2013;;10000;GOIACIARA TAVARES CRUZ;GOIACIARA CRUZ;F;DEPUTADO;5309226;54;3;1;01-02-2011;31-01-2015;04-02-2013;23-12-2013;Ordinária;31-07-2013;01-08-2013;-1;-1;-1;;;;;N/A;;;588943;2013;298;PEC 298/2013;ORGANIZAÇÃO ADMINISTRATIVA DO ESTADO;N/A;N/A;-1;TO;NORTE;TOCANTINS;PARTIDO DA REPÚBLICA;168;PR;N/A;PEC;PROPOSTA DE EMENDA À CONSTITUIÇÃO;PROPOSTA DE EMENDA À CONSTITUIÇÃO (ART. 60 CF C/C ART. 201 A 203, RICD);1;ATIVADO;;N/A;-1;N/A;-1;N/A;TipoParlamentar_10000;DEPUTADO
07-02-2011;;10000;WELITON FERNANDES PRADO;WELITON PRADO;M;DEPUTADO;530069;54;1;1;01-02-2011;31-01-2015;02-02-2011;22-12-2011;Ordinária;18-07-2011;01-08-2011;-1;-1;-1;;;;;N/A;;;491187;2011;167;PL 167/2011;ORGANIZAÇÃO ADMINISTRATIVA DO ESTADO,RECURSOS HÍDRICOS, MINERAIS E POLÍTICA ENERGÉTICA;N/A;N/A;-1;MG;SUDESTE;MINAS GERAIS;PARTIDO DOS TRABALHADORES;134;PT;N/A;PL;PROJETO DE LEI;PROJETO DE LEI;1;ATIVADO;;N/A;-1;N/A;-1;N/A;TipoParlamentar_10000;DEPUTADO
07-08-2012;19-03-2014;-1;N/A;N/A;N/A;N/A;-1;54;2;1;01-02-2011;31-01-2015;02-02-2012;24-12-2012;Ordinária;17-07-2012;01-08-2012;54;4;1;01-02-2011;31-01-2015;03-02-2014;22-12-2014;Ordinária;31-07-2014;01-08-2014;552549;2012;4268;PL 4268/2012;ORGANIZAÇÃO ADMINISTRATIVA DO ESTADO;LEI;LEI ORDINÁRIA;37;N/A;N/A;N/A;N/A;-1;N/A;TRANSFORMADA EM NORMA;PL;PROJETO DE LEI;PROJETO DE LEI;1;ATIVADO;;TRIBUNAL SUPERIOR DO TRABALHO;1;ATIVO;275;TRIBUNAL SUPERIOR DO TRABALHO;TipoOrgao_50000;ÓRGÃO DO PODER JUDICIÁRIO
12-07-2012;26-12-2013;-1;N/A;N/A;N/A;N/A;-1;54;2;1;01-02-2011;31-01-2015;02-02-2012;24-12-2012;Ordinária;17-07-2012;01-08-2012;54;;;01-02-2011;31-01-2015;24-12-2013;02-02-2014;Entre Sessões;;;551954;2012;4213;PL 4213/2012;ORGANIZAÇÃO ADMINISTRATIVA DO ESTADO;LEI;LEI ORDINÁRIA;37;N/A;N/A;N/A;N/A;-1;N/A;TRANSFORMADA EM NORMA;PL;PROJETO DE LEI;PROJETO DE LEI;1;ATIVADO;;TRIBUNAL SUPERIOR DO TRABALHO;1;ATIVO;275;TRIBUNAL SUPERIOR DO TRABALHO;TipoOrgao_50000;ÓRGÃO DO PODER JUDICIÁRIO
30-04-2014;16-07-2014;-1;N/A;N/A;N/A;N/A;-1;54;4;1;01-02-2011;31-01-2015;03-02-2014;22-12-2014;Ordinária;31-07-2014;01-08-2014;54;4;1;01-02-2011;31-01-2015;03-02-2014;22-12-2014;Ordinária;31-07-2014;01-08-2014;613950;2014;1472;PDC 1472/2014;ORGANIZAÇÃO ADMINISTRATIVA DO ESTADO;DLG;DECRETO LEGISLATIVO;32;N/A;N/A;N/A;N/A;-1;N/A;TRANSFORMADA EM NORMA;PDC;PROJETO DE DECRETO LEGISLATIVO DE MINISTRO DO TCU;;1;ATIVADO;;SENADO FEDERAL;1;ATIVO;78;SENADO FEDERAL;TipoOrgao_22000;ÓRGÃO DO SENADO FEDERAL
08-02-2011;;10000;ANTONIO DUARTE NOGUEIRA JÚNIOR;DUARTE NOGUEIRA;M;DEPUTADO;528229;54;1;1;01-02-2011;31-01-2015;02-02-2011;22-12-2011;Ordinária;18-07-2011;01-08-2011;-1;-1;-1;;;;;N/A;;;491475;2011;276;PL 276/2011;DEFESA E SEGURANÇA NACIONAL,ORGANIZAÇÃO ADMINISTRATIVA DO ESTADO;N/A;N/A;-1;SP;SUDESTE;SÃO PAULO;PARTIDO DA SOCIAL DEMOCRACIA BRASILEIRA;128;PSDB;N/A;PL;PROJETO DE LEI;PROJETO DE LEI;1;ATIVADO;;N/A;-1;N/A;-1;N/A;TipoParlamentar_10000;DEPUTADO
10-02-2011;;10000;JOSÉ NAZARENO CARDEAL FONTELES;NAZARENO FONTELES;M;DEPUTADO;531922;54;1;1;01-02-2011;31-01-2015;02-02-2011;22-12-2011;Ordinária;18-07-2011;01-08-2011;-1;-1;-1;;;;;N/A;;;491790;2011;3;PEC 3/2011;ORGANIZAÇÃO ADMINISTRATIVA DO ESTADO;N/A;N/A;-1;PI;NORDESTE;PIAUÍ;PARTIDO DOS TRABALHADORES;134;PT;N/A;PEC;PROPOSTA DE EMENDA À CONSTITUIÇÃO;PROPOSTA DE EMENDA À CONSTITUIÇÃO (ART. 60 CF C/C ART. 201 A 203, RICD);1;ATIVADO;;N/A;-1;N/A;-1;N/A;TipoParlamentar_10000;DEPUTADO
06-06-2002;;10000;TELMA SANDRA AUGUSTO DE SOUZA;TELMA DE SOUZA;F;DEPUTADO;523524;51;4;1;01-02-1999;31-01-2003;15-02-2002;16-12-2002;Ordinária;02-07-2002;01-08-2002;-1;-1;-1;;;;;N/A;;;55368;2002;546;PEC 546/2002;ORGANIZAÇÃO ADMINISTRATIVA DO ESTADO;N/A;N/A;-1;SP;SUDESTE;SÃO PAULO;PARTIDO DOS TRABALHADORES;134;PT;N/A;PEC;PROPOSTA DE EMENDA À CONSTITUIÇÃO;PROPOSTA DE EMENDA À CONSTITUIÇÃO (ART. 60 CF C/C ART. 201 A 203, RICD);1;ATIVADO;;N/A;-1;N/A;-1;N/A;TipoParlamentar_10000;DEPUTADO
15-04-2009;;10000;JOSÉ GENOÍNO NETO;JOSÉ GENOÍNO;M;DEPUTADO;528627;53;3;1;01-02-2007;31-01-2011;02-02-2009;22-12-2009;Ordinária;17-07-2009;03-08-2009;-1;-1;-1;;;;;N/A;;;430662;2009;173;PRC 173/2009;DIREITO E DEFESA DO CONSUMIDOR,ORGANIZAÇÃO ADMINISTRATIVA DO ESTADO;N/A;N/A;-1;SP;SUDESTE;SÃO PAULO;PARTIDO DOS TRABALHADORES;134;PT;N/A;PRC;PROJETO DE RESOLUÇÃO;PROJETO DE RESOLUÇÃO;1;ATIVADO;;N/A;-1;N/A;-1;N/A;TipoParlamentar_10000;DEPUTADO
08-03-2012;;10000;JOSÉ NAZARENO CARDEAL FONTELES;NAZARENO FONTELES;M;DEPUTADO;531922;54;2;1;01-02-2011;31-01-2015;02-02-2012;24-12-2012;Ordinária;17-07-2012;01-08-2012;-1;-1;-1;;;;;N/A;;;536351;2012;143;PEC 143/2012;ORGANIZAÇÃO ADMINISTRATIVA DO ESTADO;N/A;N/A;-1;PI;NORDESTE;PIAUÍ;PARTIDO DOS TRABALHADORES;134;PT;N/A;PEC;PROPOSTA DE EMENDA À CONSTITUIÇÃO;PROPOSTA DE EMENDA À CONSTITUIÇÃO (ART. 60 CF C/C ART. 201 A 203, RICD);1;ATIVADO;;N/A;-1;N/A;-1;N/A;TipoParlamentar_10000;DEPUTADO
27-06-2012;;10000;EDUARDO COSENTINO DA CUNHA;EDUARDO CUNHA;M;DEPUTADO;522260;54;2;1;01-02-2011;31-01-2015;02-02-2012;24-12-2012;Ordinária;17-07-2012;01-08-2012;-1;-1;-1;;;;;N/A;;;549573;2012;4118;PL 4118/2012;ORGANIZAÇÃO ADMINISTRATIVA DO ESTADO;N/A;N/A;-1;RJ;SUDESTE;RIO DE JANEIRO;PARTIDO DO MOVIMENTO DEMOCRÁTICO BRASILEIRO;111;PMDB;N/A;PL;PROJETO DE LEI;PROJETO DE LEI;1;ATIVADO;;N/A;-1;N/A;-1;N/A;TipoParlamentar_10000;DEPUTADO
03-05-2013;;-1;N/A;N/A;N/A;N/A;-1;54;3;1;01-02-2011;31-01-2015;04-02-2013;23-12-2013;Ordinária;31-07-2013;01-08-2013;-1;-1;-1;;;;;N/A;;;575668;2013;5504;PL 5504/2013;ORGANIZAÇÃO ADMINISTRATIVA DO ESTADO;N/A;N/A;-1;N/A;N/A;N/A;N/A;-1;N/A;N/A;PL;PROJETO DE LEI;PROJETO DE LEI;1;ATIVADO;;SENADO FEDERAL;1;ATIVO;78;SENADO FEDERAL;TipoOrgao_22000;ÓRGÃO DO SENADO FEDERAL
07-08-2013;;-1;N/A;N/A;N/A;N/A;-1;54;3;1;01-02-2011;31-01-2015;04-02-2013;23-12-2013;Ordinária;31-07-2013;01-08-2013;-1;-1;-1;;;;;N/A;;;586407;2013;291;PEC 291/2013;ADMINISTRAÇÃO PÚBLICA,ORGANIZAÇÃO ADMINISTRATIVA DO ESTADO;N/A;N/A;-1;N/A;N/A;N/A;N/A;-1;N/A;N/A;PEC;PROPOSTA DE EMENDA À CONSTITUIÇÃO;PROPOSTA DE EMENDA À CONSTITUIÇÃO (ART. 60 CF C/C ART. 201 A 203, RICD);1;ATIVADO;;SENADO FEDERAL;1;ATIVO;78;SENADO FEDERAL;TipoOrgao_22000;ÓRGÃO DO SENADO FEDERAL
28-06-2011;;-1;N/A;N/A;N/A;N/A;-1;54;1;1;01-02-2011;31-01-2015;02-02-2011;22-12-2011;Ordinária;18-07-2011;01-08-2011;-1;-1;-1;;;;;N/A;;;510178;2011;1669;PL 1669/2011;ORGANIZAÇÃO ADMINISTRATIVA DO ESTADO;N/A;N/A;-1;N/A;N/A;N/A;N/A;-1;N/A;PROPOSIÇÃO COM VETO TOTAL;PL;PROJETO DE LEI;PROJETO DE LEI;1;ATIVADO;20-12-2011;SENADO FEDERAL;1;ATIVO;78;SENADO FEDERAL;TipoOrgao_22000;ÓRGÃO DO SENADO FEDERAL
05-04-2002;;-1;N/A;N/A;N/A;N/A;-1;51;4;1;01-02-1999;31-01-2003;15-02-2002;16-12-2002;Ordinária;02-07-2002;01-08-2002;-1;-1;-1;;;;;N/A;;;48142;2002;6488;PL 6488/2002;ORGANIZAÇÃO ADMINISTRATIVA DO ESTADO;N/A;N/A;-1;N/A;N/A;N/A;N/A;-1;N/A;N/A;PL;PROJETO DE LEI;PROJETO DE LEI;1;ATIVADO;;PODER EXECUTIVO;1;ATIVO;253;PODER EXECUTIVO;TipoOrgao_30000;ÓRGÃO DO PODER EXECUTIVO
23-11-2011;;10000;ELISEU LEMOS PADILHA;ELISEU PADILHA;M;DEPUTADO;533082;54;1;1;01-02-2011;31-01-2015;02-02-2011;22-12-2011;Ordinária;18-07-2011;01-08-2011;-1;-1;-1;;;;;N/A;;;528493;2011;2763;PL 2763/2011;DIREITO CIVIL E PROCESSUAL CIVIL,ORGANIZAÇÃO ADMINISTRATIVA DO ESTADO;N/A;N/A;-1;RS;SUL;RIO GRANDE DO SUL;PARTIDO DO MOVIMENTO DEMOCRÁTICO BRASILEIRO;111;PMDB;N/A;PL;PROJETO DE LEI;PROJETO DE LEI;1;ATIVADO;;N/A;-1;N/A;-1;N/A;TipoParlamentar_10000;DEPUTADO
11-04-2002;;10000;BENEDITO DIAS DE CARVALHO;DR. BENEDITO DIAS;M;DEPUTADO;520213;51;4;1;01-02-1999;31-01-2003;15-02-2002;16-12-2002;Ordinária;02-07-2002;01-08-2002;-1;-1;-1;;;;;N/A;;;48669;2002;1662;PDC 1662/2002;ORGANIZAÇÃO ADMINISTRATIVA DO ESTADO;N/A;N/A;-1;AP;NORTE;AMAPÁ;PARTIDO PROGRESSISTA BRASILEIRO;116;PPB;N/A;PDC;PROJETO DE DECRETO LEGISLATIVO;PROJETO DE DECRETO LEGISLATIVO;1;ATIVADO;;N/A;-1;N/A;-1;N/A;TipoParlamentar_10000;DEPUTADO
12-11-2012;;-1;N/A;N/A;N/A;N/A;-1;54;2;1;01-02-2011;31-01-2015;02-02-2012;24-12-2012;Ordinária;17-07-2012;01-08-2012;-1;-1;-1;;;;;N/A;;;559482;2012;217;PEC 217/2012;ORGANIZAÇÃO ADMINISTRATIVA DO ESTADO;N/A;N/A;-1;N/A;N/A;N/A;N/A;-1;N/A;N/A;PEC;PROPOSTA DE EMENDA À CONSTITUIÇÃO;PROPOSTA DE EMENDA À CONSTITUIÇÃO (ART. 60 CF C/C ART. 201 A 203, RICD);1;ATIVADO;;SENADO FEDERAL;1;ATIVO;78;SENADO FEDERAL;TipoOrgao_22000;ÓRGÃO DO SENADO FEDERAL
22-09-2011;;10000;CLÁUDIO CAJADO SAMPAIO;CLAUDIO CAJADO;M;DEPUTADO;520340;54;1;1;01-02-2011;31-01-2015;02-02-2011;22-12-2011;Ordinária;18-07-2011;01-08-2011;-1;-1;-1;;;;;N/A;;;521183;2011;95;PLP 95/2011;ORGANIZAÇÃO ADMINISTRATIVA DO ESTADO;N/A;N/A;-1;BA;NORDESTE;BAHIA;DEMOCRATAS;202;DEM;N/A;PLP;PROJETO DE LEI COMPLEMENTAR;PROJETO DE LEI COMPLEMENTAR (ART. 61 CF);1;ATIVADO;;N/A;-1;N/A;-1;N/A;TipoParlamentar_10000;DEPUTADO
06-06-2012;;10000;EDUARDO HENRIQUE DA FONTE DE ALBUQUERQUE SILVA;EDUARDO DA FONTE;M;DEPUTADO;526389;54;2;1;01-02-2011;31-01-2015;02-02-2012;24-12-2012;Ordinária;17-07-2012;01-08-2012;-1;-1;-1;;;;;N/A;;;547339;2012;4034;PL 4034/2012;ORGANIZAÇÃO ADMINISTRATIVA DO ESTADO;N/A;N/A;-1;PE;NORDESTE;PERNAMBUCO;PARTIDO PROGRESSISTA;115;PP;N/A;PL;PROJETO DE LEI;PROJETO DE LEI;1;ATIVADO;;N/A;-1;N/A;-1;N/A;TipoParlamentar_10000;DEPUTADO
17-10-2012;;10000;HEULER ABREU CRUVINEL;HEULER CRUVINEL;M;DEPUTADO;530056;54;2;1;01-02-2011;31-01-2015;02-02-2012;24-12-2012;Ordinária;17-07-2012;01-08-2012;-1;-1;-1;;;;;N/A;;;557193;2012;4548;PL 4548/2012;ORGANIZAÇÃO ADMINISTRATIVA DO ESTADO;N/A;N/A;-1;GO;CENTRO-OESTE;GOIÁS;PARTIDO SOCIAL DEMOCRÁTICO;127;PSD;N/A;PL;PROJETO DE LEI;PROJETO DE LEI;1;ATIVADO;;N/A;-1;N/A;-1;N/A;TipoParlamentar_10000;DEPUTADO
16-05-2014;;-1;N/A;N/A;N/A;N/A;-1;54;4;1;01-02-2011;31-01-2015;03-02-2014;22-12-2014;Ordinária;31-07-2014;01-08-2014;-1;-1;-1;;;;;N/A;;;615815;2014;397;PLP 397/2014;ORGANIZAÇÃO ADMINISTRATIVA DO ESTADO;N/A;N/A;-1;N/A;N/A;N/A;N/A;-1;N/A;PROPOSIÇÃO COM VETO TOTAL;PLP;PROJETO DE LEI COMPLEMENTAR;PROJETO DE LEI COMPLEMENTAR (ART. 61 CF);1;ATIVADO;26-08-2014;SENADO FEDERAL;1;ATIVO;78;SENADO FEDERAL;TipoOrgao_22000;ÓRGÃO DO SENADO FEDERAL
03-02-2011;;10000;WELITON FERNANDES PRADO;WELITON PRADO;M;DEPUTADO;530069;54;1;1;01-02-2011;31-01-2015;02-02-2011;22-12-2011;Ordinária;18-07-2011;01-08-2011;-1;-1;-1;;;;;N/A;;;490899;2011;14;PL 14/2011;ORGANIZAÇÃO ADMINISTRATIVA DO ESTADO;N/A;N/A;-1;MG;SUDESTE;MINAS GERAIS;PARTIDO DOS TRABALHADORES;134;PT;N/A;PL;PROJETO DE LEI;PROJETO DE LEI;1;ATIVADO;;N/A;-1;N/A;-1;N/A;TipoParlamentar_10000;DEPUTADO
03-02-2011;;10000;JONAS DONIZETTE FERREIRA;JONAS DONIZETTE;M;DEPUTADO;530200;54;1;1;01-02-2011;31-01-2015;02-02-2011;22-12-2011;Ordinária;18-07-2011;01-08-2011;-1;-1;-1;;;;;N/A;;;491083;2011;124;PL 124/2011;ADMINISTRAÇÃO PÚBLICA,ORGANIZAÇÃO ADMINISTRATIVA DO ESTADO;N/A;N/A;-1;SP;SUDESTE;SÃO PAULO;PARTIDO SOCIALISTA BRASILEIRO;125;PSB;N/A;PL;PROJETO DE LEI;PROJETO DE LEI;1;ATIVADO;;N/A;-1;N/A;-1;N/A;TipoParlamentar_10000;DEPUTADO
04-08-2010;;10000;SÉRGIO BARRADAS CARNEIRO;SÉRGIO BARRADAS CARNEIRO;M;DEPUTADO;530661;53;4;1;01-02-2007;31-01-2011;02-02-2010;22-12-2010;Ordinária;19-07-2010;02-08-2010;-1;-1;-1;;;;;N/A;;;484476;2010;512;PEC 512/2010;DIREITOS HUMANOS, MINORIAS E CIDADANIA,ORGANIZAÇÃO ADMINISTRATIVA DO ESTADO;N/A;N/A;-1;BA;NORDESTE;BAHIA;PARTIDO DOS TRABALHADORES;134;PT;N/A;PEC;PROPOSTA DE EMENDA À CONSTITUIÇÃO;PROPOSTA DE EMENDA À CONSTITUIÇÃO (ART. 60 CF C/C ART. 201 A 203, RICD);1;ATIVADO;;N/A;-1;N/A;-1;N/A;TipoParlamentar_10000;DEPUTADO
15-06-2011;;10000;SEBASTIÃO SIBÁ MACHADO OLIVEIRA;SIBÁ MACHADO;M;DEPUTADO;530001;54;1;1;01-02-2011;31-01-2015;02-02-2011;22-12-2011;Ordinária;18-07-2011;01-08-2011;-1;-1;-1;;;;;N/A;;;509242;2011;1604;PL 1604/2011;ORGANIZAÇÃO ADMINISTRATIVA DO ESTADO;N/A;N/A;-1;AC;NORTE;ACRE;PARTIDO DOS TRABALHADORES;134;PT;N/A;PL;PROJETO DE LEI;PROJETO DE LEI;1;ATIVADO;;N/A;-1;N/A;-1;N/A;TipoParlamentar_10000;DEPUTADO
16-08-2011;;10000;FÁBIO RICARDO TRAD;FÁBIO TRAD;M;DEPUTADO;530082;54;1;1;01-02-2011;31-01-2015;02-02-2011;22-12-2011;Ordinária;18-07-2011;01-08-2011;-1;-1;-1;;;;;N/A;;;515741;2011;2032;PL 2032/2011;ORGANIZAÇÃO ADMINISTRATIVA DO ESTADO;N/A;N/A;-1;MS;CENTRO-OESTE;MATO GROSSO DO SUL;PARTIDO DO MOVIMENTO DEMOCRÁTICO BRASILEIRO;111;PMDB;N/A;PL;PROJETO DE LEI;PROJETO DE LEI;1;ATIVADO;;N/A;-1;N/A;-1;N/A;TipoParlamentar_10000;DEPUTADO
05-04-2011;;10000;LUIZ FERNANDO ARANTES MACHADO;LUIZ FERNANDO MACHADO;M;DEPUTADO;530209;54;1;1;01-02-2011;31-01-2015;02-02-2011;22-12-2011;Ordinária;18-07-2011;01-08-2011;-1;-1;-1;;;;;N/A;;;496990;2011;882;PL 882/2011;ORGANIZAÇÃO ADMINISTRATIVA DO ESTADO;N/A;N/A;-1;SP;SUDESTE;SÃO PAULO;PARTIDO DA SOCIAL DEMOCRACIA BRASILEIRA;128;PSDB;N/A;PL;PROJETO DE LEI;PROJETO DE LEI;1;ATIVADO;;N/A;-1;N/A;-1;N/A;TipoParlamentar_10000;DEPUTADO
13-08-2012;;-1;N/A;N/A;N/A;N/A;-1;54;2;1;01-02-2011;31-01-2015;02-02-2012;24-12-2012;Ordinária;17-07-2012;01-08-2012;-1;-1;-1;;;;;N/A;;;553119;2012;4312;PL 4312/2012;ORGANIZAÇÃO ADMINISTRATIVA DO ESTADO;N/A;N/A;-1;N/A;N/A;N/A;N/A;-1;N/A;N/A;PL;PROJETO DE LEI;PROJETO DE LEI;1;ATIVADO;;TRIBUNAL DE JUSTIÇA DO DISTRITO FEDERAL E DOS TERRITÓRIOS;1;ATIVO;382;TRIBUNAL DE JUSTIÇA DO DISTRITO FEDERAL E DOS TERRITÓRIOS;TipoOrgao_50000;ÓRGÃO DO PODER JUDICIÁRIO
02-07-2013;;-1;N/A;N/A;N/A;N/A;-1;54;3;1;01-02-2011;31-01-2015;04-02-2013;23-12-2013;Ordinária;31-07-2013;01-08-2013;-1;-1;-1;;;;;N/A;;;582589;2013;5867;PL 5867/2013;ORGANIZAÇÃO ADMINISTRATIVA DO ESTADO;N/A;N/A;-1;N/A;N/A;N/A;N/A;-1;N/A;N/A;PL;PROJETO DE LEI;PROJETO DE LEI;1;ATIVADO;;SUPERIOR TRIBUNAL DE JUSTIÇA;1;ATIVO;81;SUPERIOR TRIBUNAL DE JUSTIÇA;TipoOrgao_50000;ÓRGÃO DO PODER JUDICIÁRIO
10-05-2011;;10000;FÁBIO RICARDO TRAD;FÁBIO TRAD;M;DEPUTADO;530082;54;1;1;01-02-2011;31-01-2015;02-02-2011;22-12-2011;Ordinária;18-07-2011;01-08-2011;-1;-1;-1;;;;;N/A;;;501374;2011;25;PEC 25/2011;ORGANIZAÇÃO ADMINISTRATIVA DO ESTADO;N/A;N/A;-1;MS;CENTRO-OESTE;MATO GROSSO DO SUL;PARTIDO DO MOVIMENTO DEMOCRÁTICO BRASILEIRO;111;PMDB;N/A;PEC;PROPOSTA DE EMENDA À CONSTITUIÇÃO;PROPOSTA DE EMENDA À CONSTITUIÇÃO (ART. 60 CF C/C ART. 201 A 203, RICD);1;ATIVADO;;N/A;-1;N/A;-1;N/A;TipoParlamentar_10000;DEPUTADO
04-06-2013;;10000;MARCUS VINÍCIUS CAETANO PESTANA DA SILVA;MARCUS PESTANA;M;DEPUTADO;530078;54;3;1;01-02-2011;31-01-2015;04-02-2013;23-12-2013;Ordinária;31-07-2013;01-08-2013;-1;-1;-1;;;;;N/A;;;579136;2013;281;PLP 281/2013;ORGANIZAÇÃO ADMINISTRATIVA DO ESTADO;N/A;N/A;-1;MG;SUDESTE;MINAS GERAIS;PARTIDO DA SOCIAL DEMOCRACIA BRASILEIRA;128;PSDB;N/A;PLP;PROJETO DE LEI COMPLEMENTAR;PROJETO DE LEI COMPLEMENTAR (ART. 61 CF);1;ATIVADO;;N/A;-1;N/A;-1;N/A;TipoParlamentar_10000;DEPUTADO
11-12-2012;;10000;JESUS RODRIGUES ALVES;JESUS RODRIGUES;M;DEPUTADO;530113;54;2;1;01-02-2011;31-01-2015;02-02-2012;24-12-2012;Ordinária;17-07-2012;01-08-2012;-1;-1;-1;;;;;N/A;;;562866;2012;4837;PL 4837/2012;ORGANIZAÇÃO ADMINISTRATIVA DO ESTADO;N/A;N/A;-1;PI;NORDESTE;PIAUÍ;PARTIDO DOS TRABALHADORES;134;PT;N/A;PL;PROJETO DE LEI;PROJETO DE LEI;1;ATIVADO;;N/A;-1;N/A;-1;N/A;TipoParlamentar_10000;DEPUTADO
08-05-2002;;10000;WERNER WANDERER;WERNER WANDERER;M;DEPUTADO;1284;51;4;1;01-02-1999;31-01-2003;15-02-2002;16-12-2002;Ordinária;02-07-2002;01-08-2002;-1;-1;-1;;;;;N/A;;;50972;2002;6713;PL 6713/2002;ORGANIZAÇÃO ADMINISTRATIVA DO ESTADO;N/A;N/A;-1;PR;SUL;PARANÁ;PARTIDO DA FRENTE LIBERAL;106;PFL;N/A;PL;PROJETO DE LEI;PROJETO DE LEI;1;ATIVADO;;N/A;-1;N/A;-1;N/A;TipoParlamentar_10000;DEPUTADO
03-12-2013;;10000;FRANCISCO DANILO BASTOS FORTE;DANILO FORTE;M;DEPUTADO;530035;54;3;1;01-02-2011;31-01-2015;04-02-2013;23-12-2013;Ordinária;31-07-2013;01-08-2013;-1;-1;-1;;;;;N/A;;;602905;2013;364;PLP 364/2013;ORGANIZAÇÃO ADMINISTRATIVA DO ESTADO;N/A;N/A;-1;CE;NORDESTE;CEARÁ;PARTIDO DO MOVIMENTO DEMOCRÁTICO BRASILEIRO;111;PMDB;N/A;PLP;PROJETO DE LEI COMPLEMENTAR;PROJETO DE LEI COMPLEMENTAR (ART. 61 CF);1;ATIVADO;;N/A;-1;N/A;-1;N/A;TipoParlamentar_10000;DEPUTADO
23-04-2014;;10000;RUBENS MOREIRA MENDES FILHO;MOREIRA MENDES;M;DEPUTADO;527640;54;4;1;01-02-2011;31-01-2015;03-02-2014;22-12-2014;Ordinária;31-07-2014;01-08-2014;-1;-1;-1;;;;;N/A;;;613261;2014;399;PEC 399/2014;ORGANIZAÇÃO ADMINISTRATIVA DO ESTADO;N/A;N/A;-1;RO;NORTE;RONDÔNIA;PARTIDO SOCIAL DEMOCRÁTICO;127;PSD;N/A;PEC;PROPOSTA DE EMENDA À CONSTITUIÇÃO;PROPOSTA DE EMENDA À CONSTITUIÇÃO (ART. 60 CF C/C ART. 201 A 203, RICD);1;ATIVADO;;N/A;-1;N/A;-1;N/A;TipoParlamentar_10000;DEPUTADO
27-08-2013;;10000;EDUARDO HENRIQUE DA FONTE DE ALBUQUERQUE SILVA;EDUARDO DA FONTE;M;DEPUTADO;526389;54;3;1;01-02-2011;31-01-2015;04-02-2013;23-12-2013;Ordinária;31-07-2013;01-08-2013;-1;-1;-1;;;;;N/A;;;589314;2013;6192;PL 6192/2013;ORGANIZAÇÃO ADMINISTRATIVA DO ESTADO;N/A;N/A;-1;PE;NORDESTE;PERNAMBUCO;PARTIDO PROGRESSISTA;115;PP;N/A;PL;PROJETO DE LEI;PROJETO DE LEI;1;ATIVADO;;N/A;-1;N/A;-1;N/A;TipoParlamentar_10000;DEPUTADO
23-10-2013;;10000;WILLIAM DIB;WILLIAM DIB;M;DEPUTADO;530208;54;3;1;01-02-2011;31-01-2015;04-02-2013;23-12-2013;Ordinária;31-07-2013;01-08-2013;-1;-1;-1;;;;;N/A;;;598051;2013;6632;PL 6632/2013;ORGANIZAÇÃO ADMINISTRATIVA DO ESTADO;N/A;N/A;-1;SP;SUDESTE;SÃO PAULO;PARTIDO DA SOCIAL DEMOCRACIA BRASILEIRA;128;PSDB;N/A;PL;PROJETO DE LEI;PROJETO DE LEI;1;ATIVADO;;N/A;-1;N/A;-1;N/A;TipoParlamentar_10000;DEPUTADO
23-10-2013;;10000;WILLIAM DIB;WILLIAM DIB;M;DEPUTADO;530208;54;3;1;01-02-2011;31-01-2015;04-02-2013;23-12-2013;Ordinária;31-07-2013;01-08-2013;-1;-1;-1;;;;;N/A;;;598053;2013;6634;PL 6634/2013;ORGANIZAÇÃO ADMINISTRATIVA DO ESTADO;N/A;N/A;-1;SP;SUDESTE;SÃO PAULO;PARTIDO DA SOCIAL DEMOCRACIA BRASILEIRA;128;PSDB;N/A;PL;PROJETO DE LEI;PROJETO DE LEI;1;ATIVADO;;N/A;-1;N/A;-1;N/A;TipoParlamentar_10000;DEPUTADO
07-11-2013;;10000;SERGIO ZVEITER;SERGIO ZVEITER;M;DEPUTADO;530129;54;3;1;01-02-2011;31-01-2015;04-02-2013;23-12-2013;Ordinária;31-07-2013;01-08-2013;-1;-1;-1;;;;;N/A;;;600235;2013;350;PLP 350/2013;ORGANIZAÇÃO ADMINISTRATIVA DO ESTADO;N/A;N/A;-1;RJ;SUDESTE;RIO DE JANEIRO;PARTIDO SOCIAL DEMOCRÁTICO;127;PSD;N/A;PLP;PROJETO DE LEI COMPLEMENTAR;PROJETO DE LEI COMPLEMENTAR (ART. 61 CF);1;ATIVADO;;N/A;-1;N/A;-1;N/A;TipoParlamentar_10000;DEPUTADO
05-11-2013;;10000;FÁBIO RICARDO TRAD;FÁBIO TRAD;M;DEPUTADO;530082;54;3;1;01-02-2011;31-01-2015;04-02-2013;23-12-2013;Ordinária;31-07-2013;01-08-2013;-1;-1;-1;;;;;N/A;;;599529;2013;348;PEC 348/2013;ORGANIZAÇÃO ADMINISTRATIVA DO ESTADO;N/A;N/A;-1;MS;CENTRO-OESTE;MATO GROSSO DO SUL;PARTIDO DO MOVIMENTO DEMOCRÁTICO BRASILEIRO;111;PMDB;N/A;PEC;PROPOSTA DE EMENDA À CONSTITUIÇÃO;PROPOSTA DE EMENDA À CONSTITUIÇÃO (ART. 60 CF C/C ART. 201 A 203, RICD);1;ATIVADO;;N/A;-1;N/A;-1;N/A;TipoParlamentar_10000;DEPUTADO
27-11-2013;;10000;RONALDO JOSÉ BENEDET;RONALDO BENEDET;M;DEPUTADO;530172;54;3;1;01-02-2011;31-01-2015;04-02-2013;23-12-2013;Ordinária;31-07-2013;01-08-2013;-1;-1;-1;;;;;N/A;;;602561;2013;361;PLP 361/2013;ORGANIZAÇÃO ADMINISTRATIVA DO ESTADO;N/A;N/A;-1;SC;SUL;SANTA CATARINA;PARTIDO DO MOVIMENTO DEMOCRÁTICO BRASILEIRO;111;PMDB;N/A;PLP;PROJETO DE LEI COMPLEMENTAR;PROJETO DE LEI COMPLEMENTAR (ART. 61 CF);1;ATIVADO;;N/A;-1;N/A;-1;N/A;TipoParlamentar_10000;DEPUTADO
08-05-2003;;10000;JOSÉ DE RIBAMAR COSTA ALVES;RIBAMAR ALVES;M;DEPUTADO;520978;52;1;1;01-02-2003;31-01-2007;17-02-2003;15-12-2003;Ordinária;30-06-2003;01-08-2003;-1;-1;-1;;;;;N/A;;;114746;2003;52;PEC 52/2003;ORGANIZAÇÃO ADMINISTRATIVA DO ESTADO,ORGANIZAÇÃO POLÍTICO-ADMINISTRATIVA DO ESTADO (UTILIZADO ATÉ A LEGISLATURA 53);N/A;N/A;-1;MA;NORDESTE;MARANHÃO;PARTIDO SOCIALISTA BRASILEIRO;125;PSB;N/A;PEC;PROPOSTA DE EMENDA À CONSTITUIÇÃO;PROPOSTA DE EMENDA À CONSTITUIÇÃO (ART. 60 CF C/C ART. 201 A 203, RICD);1;ATIVADO;;N/A;-1;N/A;-1;N/A;TipoParlamentar_10000;DEPUTADO
13-03-2013;;10000;MIGUEL CORRÊA DA SILVA JÚNIOR;MIGUEL CORRÊA;M;DEPUTADO;525846;54;3;1;01-02-2011;31-01-2015;04-02-2013;23-12-2013;Ordinária;31-07-2013;01-08-2013;-1;-1;-1;;;;;N/A;;;567440;2013;175;PRC 175/2013;ORGANIZAÇÃO ADMINISTRATIVA DO ESTADO;N/A;N/A;-1;MG;SUDESTE;MINAS GERAIS;PARTIDO DOS TRABALHADORES;134;PT;N/A;PRC;PROJETO DE RESOLUÇÃO DE ALTERAÇÃO DO REGIMENTO E OUTROS;;1;ATIVADO;;N/A;-1;N/A;-1;N/A;TipoParlamentar_10000;DEPUTADO
29-10-2014;;10000;CAMILO COLA;CAMILO COLA;M;DEPUTADO;530941;54;4;1;01-02-2011;31-01-2015;03-02-2014;22-12-2014;Ordinária;31-07-2014;01-08-2014;-1;-1;-1;;;;;N/A;;;639728;2014;429;PEC 429/2014;ADMINISTRAÇÃO PÚBLICA,ORGANIZAÇÃO ADMINISTRATIVA DO ESTADO;N/A;N/A;-1;ES;SUDESTE;ESPÍRITO SANTO;PARTIDO DO MOVIMENTO DEMOCRÁTICO BRASILEIRO;111;PMDB;N/A;PEC;PROPOSTA DE EMENDA À CONSTITUIÇÃO;PROPOSTA DE EMENDA À CONSTITUIÇÃO (ART. 60 CF C/C ART. 201 A 203, RICD);1;ATIVADO;;N/A;-1;N/A;-1;N/A;TipoParlamentar_10000;DEPUTADO
22-02-2011;;10000;JOSÉ NAZARENO CARDEAL FONTELES;NAZARENO FONTELES;M;DEPUTADO;531922;54;1;1;01-02-2011;31-01-2015;02-02-2011;22-12-2011;Ordinária;18-07-2011;01-08-2011;-1;-1;-1;;;;;N/A;;;492897;2011;21;PRC 21/2011;ORGANIZAÇÃO ADMINISTRATIVA DO ESTADO,PROCESSO LEGISLATIVO;N/A;N/A;-1;PI;NORDESTE;PIAUÍ;PARTIDO DOS TRABALHADORES;134;PT;N/A;PRC;PROJETO DE RESOLUÇÃO;PROJETO DE RESOLUÇÃO;1;ATIVADO;;N/A;-1;N/A;-1;N/A;TipoParlamentar_10000;DEPUTADO
08-02-2011;;10000;JOSÉ ANTÔNIO MACHADO REGUFFE;REGUFFE;M;DEPUTADO;530042;54;1;1;01-02-2011;31-01-2015;02-02-2011;22-12-2011;Ordinária;18-07-2011;01-08-2011;-1;-1;-1;;;;;N/A;;;491254;2011;2;PDC 2/2011;ORGANIZAÇÃO ADMINISTRATIVA DO ESTADO;N/A;N/A;-1;DF;CENTRO-OESTE;DISTRITO FEDERAL;PARTIDO DEMOCRÁTICO TRABALHISTA;104;PDT;N/A;PDC;PROJETO DE DECRETO LEGISLATIVO;PROJETO DE DECRETO LEGISLATIVO;1;ATIVADO;;N/A;-1;N/A;-1;N/A;TipoParlamentar_10000;DEPUTADO
02-06-2011;;10000;ALEXANDRE JOSÉ DOS SANTOS;ALEXANDRE SANTOS;M;DEPUTADO;522696;54;1;1;01-02-2011;31-01-2015;02-02-2011;22-12-2011;Ordinária;18-07-2011;01-08-2011;-1;-1;-1;;;;;N/A;;;505365;2011;36;PEC 36/2011;ORGANIZAÇÃO ADMINISTRATIVA DO ESTADO;N/A;N/A;-1;RJ;SUDESTE;RIO DE JANEIRO;PARTIDO DO MOVIMENTO DEMOCRÁTICO BRASILEIRO;111;PMDB;N/A;PEC;PROPOSTA DE EMENDA À CONSTITUIÇÃO;PROPOSTA DE EMENDA À CONSTITUIÇÃO (ART. 60 CF C/C ART. 201 A 203, RICD);1;ATIVADO;;N/A;-1;N/A;-1;N/A;TipoParlamentar_10000;DEPUTADO
01-06-2011;;10000;JOSÉ DE RIBAMAR COSTA ALVES;RIBAMAR ALVES;M;DEPUTADO;520978;54;1;1;01-02-2011;31-01-2015;02-02-2011;22-12-2011;Ordinária;18-07-2011;01-08-2011;-1;-1;-1;;;;;N/A;;;505169;2011;231;PDC 231/2011;ORGANIZAÇÃO ADMINISTRATIVA DO ESTADO;N/A;N/A;-1;MA;NORDESTE;MARANHÃO;PARTIDO SOCIALISTA BRASILEIRO;125;PSB;N/A;PDC;PROJETO DE DECRETO LEGISLATIVO;PROJETO DE DECRETO LEGISLATIVO;1;ATIVADO;;N/A;-1;N/A;-1;N/A;TipoParlamentar_10000;DEPUTADO
16-02-2011;;10000;PAUDERNEY TOMAZ AVELINO;PAUDERNEY AVELINO;M;DEPUTADO;530011;54;1;1;01-02-2011;31-01-2015;02-02-2011;22-12-2011;Ordinária;18-07-2011;01-08-2011;-1;-1;-1;;;;;N/A;;;492225;2011;446;PL 446/2011;ORGANIZAÇÃO ADMINISTRATIVA DO ESTADO;N/A;N/A;-1;AM;NORTE;AMAZONAS;DEMOCRATAS;202;DEM;N/A;PL;PROJETO DE LEI;PROJETO DE LEI;1;ATIVADO;;N/A;-1;N/A;-1;N/A;TipoParlamentar_10000;DEPUTADO
18-02-2011;;10000;ONOFRE SANTO AGUSTINI;ONOFRE SANTO AGOSTINI;M;DEPUTADO;530175;54;1;1;01-02-2011;31-01-2015;02-02-2011;22-12-2011;Ordinária;18-07-2011;01-08-2011;-1;-1;-1;;;;;N/A;;;492423;2011;4;PEC 4/2011;ORGANIZAÇÃO ADMINISTRATIVA DO ESTADO;N/A;N/A;-1;SC;SUL;SANTA CATARINA;DEMOCRATAS;202;DEM;N/A;PEC;PROPOSTA DE EMENDA À CONSTITUIÇÃO;PROPOSTA DE EMENDA À CONSTITUIÇÃO (ART. 60 CF C/C ART. 201 A 203, RICD);1;ATIVADO;;N/A;-1;N/A;-1;N/A;TipoParlamentar_10000;DEPUTADO
18-02-2009;;10000;JOÃO HERRMANN NETO;JOÃO HERRMANN;M;DEPUTADO;523768;53;3;1;01-02-2007;31-01-2011;02-02-2009;22-12-2009;Ordinária;17-07-2009;03-08-2009;-1;-1;-1;;;;;N/A;;;424101;2009;158;PRC 158/2009;ORGANIZAÇÃO ADMINISTRATIVA DO ESTADO;N/A;N/A;-1;SP;SUDESTE;SÃO PAULO;PARTIDO DEMOCRÁTICO TRABALHISTA;104;PDT;N/A;PRC;PROJETO DE RESOLUÇÃO;PROJETO DE RESOLUÇÃO;1;ATIVADO;;N/A;-1;N/A;-1;N/A;TipoParlamentar_10000;DEPUTADO
28-11-2002;;10000;RONALDO VASCONCELLOS NOVAIS;RONALDO VASCONCELLOS;M;DEPUTADO;521183;51;4;1;01-02-1999;31-01-2003;15-02-2002;16-12-2002;Ordinária;02-07-2002;01-08-2002;-1;-1;-1;;;;;N/A;;;99573;2002;580;PEC 580/2002;ORGANIZAÇÃO ADMINISTRATIVA DO ESTADO;N/A;N/A;-1;MG;SUDESTE;MINAS GERAIS;PARTIDO LIBERAL;110;PL;N/A;PEC;PROPOSTA DE EMENDA À CONSTITUIÇÃO;PROPOSTA DE EMENDA À CONSTITUIÇÃO (ART. 60 CF C/C ART. 201 A 203, RICD);1;ATIVADO;;N/A;-1;N/A;-1;N/A;TipoParlamentar_10000;DEPUTADO
08-05-2002;;10000;VANDERVAL LIMA DOS SANTOS;WANDERVAL SANTOS;M;DEPUTADO;523725;51;4;1;01-02-1999;31-01-2003;15-02-2002;16-12-2002;Ordinária;02-07-2002;01-08-2002;-1;-1;-1;;;;;N/A;;;51045;2002;1693;PDC 1693/2002;ORGANIZAÇÃO ADMINISTRATIVA DO ESTADO;N/A;N/A;-1;SP;SUDESTE;SÃO PAULO;PARTIDO LIBERAL;110;PL;N/A;PDC;PROJETO DE DECRETO LEGISLATIVO;PROJETO DE DECRETO LEGISLATIVO;1;ATIVADO;;N/A;-1;N/A;-1;N/A;TipoParlamentar_10000;DEPUTADO
06-04-2011;;10000;ROBERTO POLICARPO FAGUNDES;POLICARPO;M;DEPUTADO;530896;54;1;1;01-02-2011;31-01-2015;02-02-2011;22-12-2011;Ordinária;18-07-2011;01-08-2011;-1;-1;-1;;;;;N/A;;;497412;2011;923;PL 923/2011;DIREITO CIVIL E PROCESSUAL CIVIL,ORGANIZAÇÃO ADMINISTRATIVA DO ESTADO;N/A;N/A;-1;DF;CENTRO-OESTE;DISTRITO FEDERAL;PARTIDO DOS TRABALHADORES;134;PT;N/A;PL;PROJETO DE LEI;PROJETO DE LEI;1;ATIVADO;;N/A;-1;N/A;-1;N/A;TipoParlamentar_10000;DEPUTADO
19-10-2011;;10000;JOÃO CAMPOS DE ARAÚJO;JOÃO CAMPOS;M;DEPUTADO;520857;54;1;1;01-02-2011;31-01-2015;02-02-2011;22-12-2011;Ordinária;18-07-2011;01-08-2011;-1;-1;-1;;;;;N/A;;;524259;2011;99;PEC 99/2011;ORGANIZAÇÃO ADMINISTRATIVA DO ESTADO;N/A;N/A;-1;GO;CENTRO-OESTE;GOIÁS;PARTIDO DA SOCIAL DEMOCRACIA BRASILEIRA;128;PSDB;N/A;PEC;PROPOSTA DE EMENDA À CONSTITUIÇÃO;PROPOSTA DE EMENDA À CONSTITUIÇÃO (ART. 60 CF C/C ART. 201 A 203, RICD);1;ATIVADO;;N/A;-1;N/A;-1;N/A;TipoParlamentar_10000;DEPUTADO
17-08-2011;;10000;OZIEL ALVES DE OLIVEIRA;OZIEL OLIVEIRA;M;DEPUTADO;530016;54;1;1;01-02-2011;31-01-2015;02-02-2011;22-12-2011;Ordinária;18-07-2011;01-08-2011;-1;-1;-1;;;;;N/A;;;516103;2011;355;PDC 355/2011;ORGANIZAÇÃO ADMINISTRATIVA DO ESTADO;N/A;N/A;-1;BA;NORDESTE;BAHIA;PARTIDO DEMOCRÁTICO TRABALHISTA;104;PDT;N/A;PDC;PROJETO DE DECRETO LEGISLATIVO;PROJETO DE DECRETO LEGISLATIVO;1;ATIVADO;;N/A;-1;N/A;-1;N/A;TipoParlamentar_10000;DEPUTADO
25-10-2011;;10000;PEDRO FRANCISCO UCZAI;PEDRO UCZAI;M;DEPUTADO;530171;54;1;1;01-02-2011;31-01-2015;02-02-2011;22-12-2011;Ordinária;18-07-2011;01-08-2011;-1;-1;-1;;;;;N/A;;;524819;2011;100;PEC 100/2011;ORGANIZAÇÃO ADMINISTRATIVA DO ESTADO;N/A;N/A;-1;SC;SUL;SANTA CATARINA;PARTIDO DOS TRABALHADORES;134;PT;N/A;PEC;PROPOSTA DE EMENDA À CONSTITUIÇÃO;PROPOSTA DE EMENDA À CONSTITUIÇÃO (ART. 60 CF C/C ART. 201 A 203, RICD);1;ATIVADO;;N/A;-1;N/A;-1;N/A;TipoParlamentar_10000;DEPUTADO
02-12-2003;;10000;REINALDO PEREIRA PINTO;REINALDO BETÃO;M;DEPUTADO;522565;52;1;1;01-02-2003;31-01-2007;17-02-2003;15-12-2003;Ordinária;30-06-2003;01-08-2003;-1;-1;-1;;;;;N/A;;;146481;2003;209;PEC 209/2003;ORGANIZAÇÃO ADMINISTRATIVA DO ESTADO,ORGANIZAÇÃO POLÍTICO-ADMINISTRATIVA DO ESTADO (UTILIZADO ATÉ A LEGISLATURA 53);N/A;N/A;-1;RJ;SUDESTE;RIO DE JANEIRO;PARTIDO LIBERAL;110;PL;N/A;PEC;PROPOSTA DE EMENDA À CONSTITUIÇÃO;PROPOSTA DE EMENDA À CONSTITUIÇÃO (ART. 60 CF C/C ART. 201 A 203, RICD);1;ATIVADO;;N/A;-1;N/A;-1;N/A;TipoParlamentar_10000;DEPUTADO
28-08-2002;;10000;EVILÁSIO CAVALCANTE DE FARIAS;DR. EVILÁSIO;M;DEPUTADO;523952;51;4;1;01-02-1999;31-01-2003;15-02-2002;16-12-2002;Ordinária;02-07-2002;01-08-2002;-1;-1;-1;;;;;N/A;;;67298;2002;569;PEC 569/2002;ORGANIZAÇÃO ADMINISTRATIVA DO ESTADO;N/A;N/A;-1;SP;SUDESTE;SÃO PAULO;PARTIDO SOCIALISTA BRASILEIRO;125;PSB;N/A;PEC;PROPOSTA DE EMENDA À CONSTITUIÇÃO;PROPOSTA DE EMENDA À CONSTITUIÇÃO (ART. 60 CF C/C ART. 201 A 203, RICD);1;ATIVADO;;N/A;-1;N/A;-1;N/A;TipoParlamentar_10000;DEPUTADO
17-04-2002;;-1;N/A;N/A;N/A;N/A;-1;51;4;1;01-02-1999;31-01-2003;15-02-2002;16-12-2002;Ordinária;02-07-2002;01-08-2002;-1;-1;-1;;;;;N/A;;;49486;2002;6601;PL 6601/2002;ORGANIZAÇÃO ADMINISTRATIVA DO ESTADO;N/A;N/A;-1;N/A;N/A;N/A;N/A;-1;N/A;N/A;PL;PROJETO DE LEI;PROJETO DE LEI;1;ATIVADO;;TRIBUNAL SUPERIOR DO TRABALHO;1;ATIVO;275;TRIBUNAL SUPERIOR DO TRABALHO;TipoOrgao_50000;ÓRGÃO DO PODER JUDICIÁRIO
31-08-2012;;-1;N/A;N/A;N/A;N/A;-1;54;2;1;01-02-2011;31-01-2015;02-02-2012;24-12-2012;Ordinária;17-07-2012;01-08-2012;-1;-1;-1;;;;;N/A;;;554204;2012;205;PLP 205/2012;ORGANIZAÇÃO ADMINISTRATIVA DO ESTADO;N/A;N/A;-1;N/A;N/A;N/A;N/A;-1;N/A;N/A;PLP;PROJETO DE LEI COMPLEMENTAR;PROJETO DE LEI COMPLEMENTAR (ART. 61 CF);1;ATIVADO;;PODER EXECUTIVO;1;ATIVO;253;PODER EXECUTIVO;TipoOrgao_30000;ÓRGÃO DO PODER EXECUTIVO
11-06-2003;;10000;EDUARDO COSENTINO DA CUNHA;EDUARDO CUNHA;M;DEPUTADO;522260;52;1;1;01-02-2003;31-01-2007;17-02-2003;15-12-2003;Ordinária;30-06-2003;01-08-2003;-1;-1;-1;;;;;N/A;;;119664;2003;96;PEC 96/2003;ORGANIZAÇÃO ADMINISTRATIVA DO ESTADO,ORGANIZAÇÃO POLÍTICO-ADMINISTRATIVA DO ESTADO (UTILIZADO ATÉ A LEGISLATURA 53);N/A;N/A;-1;RJ;SUDESTE;RIO DE JANEIRO;PARTIDO PROGRESSISTA;115;PP;N/A;PEC;PROPOSTA DE EMENDA À CONSTITUIÇÃO;PROPOSTA DE EMENDA À CONSTITUIÇÃO (ART. 60 CF C/C ART. 201 A 203, RICD);1;ATIVADO;;N/A;-1;N/A;-1;N/A;TipoParlamentar_10000;DEPUTADO
05-06-2014;;-1;N/A;N/A;N/A;N/A;-1;54;4;1;01-02-2011;31-01-2015;03-02-2014;22-12-2014;Ordinária;31-07-2014;01-08-2014;-1;-1;-1;;;;;N/A;;;618560;2014;7683;PL 7683/2014;ADMINISTRAÇÃO PÚBLICA,ORGANIZAÇÃO ADMINISTRATIVA DO ESTADO;N/A;N/A;-1;N/A;N/A;N/A;N/A;-1;N/A;N/A;PL;PROJETO DE LEI;PROJETO DE LEI;1;ATIVADO;;SUPERIOR TRIBUNAL MILITAR;1;ATIVO;271;SUPERIOR TRIBUNAL MILITAR;TipoOrgao_50000;ÓRGÃO DO PODER JUDICIÁRIO
20-11-2014;;-1;N/A;N/A;N/A;N/A;-1;54;4;1;01-02-2011;31-01-2015;03-02-2014;22-12-2014;Ordinária;31-07-2014;01-08-2014;-1;-1;-1;;;;;N/A;;;796251;2014;8132;PL 8132/2014;ADMINISTRAÇÃO PÚBLICA,ORGANIZAÇÃO ADMINISTRATIVA DO ESTADO;N/A;N/A;-1;N/A;N/A;N/A;N/A;-1;N/A;N/A;PL;PROJETO DE LEI;PROJETO DE LEI;1;ATIVADO;;SUPERIOR TRIBUNAL DE JUSTIÇA;1;ATIVO;81;SUPERIOR TRIBUNAL DE JUSTIÇA;TipoOrgao_50000;ÓRGÃO DO PODER JUDICIÁRIO
29-08-2008;26-06-2009;-1;N/A;N/A;N/A;N/A;-1;53;2;1;01-02-2007;31-01-2011;06-02-2008;22-12-2008;Ordinária;17-07-2008;01-08-2008;53;3;1;01-02-2007;31-01-2011;02-02-2009;22-12-2009;Ordinária;17-07-2009;03-08-2009;408403;2008;3960;PL 3960/2008;ADMINISTRAÇÃO PÚBLICA,ORGANIZAÇÃO ADMINISTRATIVA DO ESTADO;LEI;LEI ORDINÁRIA;37;N/A;N/A;N/A;N/A;-1;N/A;TRANSFORMADA EM NORMA;PL;PROJETO DE LEI;PROJETO DE LEI;1;ATIVADO;;PODER EXECUTIVO;1;ATIVO;253;PODER EXECUTIVO;TipoOrgao_30000;ÓRGÃO DO PODER EXECUTIVO
18-05-2011;;10000;CESAR HANNA HALUM;CÉSAR HALUM;M;DEPUTADO;530215;54;1;1;01-02-2011;31-01-2015;02-02-2011;22-12-2011;Ordinária;18-07-2011;01-08-2011;-1;-1;-1;;;;;N/A;;;502631;2011;29;PEC 29/2011;ORGANIZAÇÃO ADMINISTRATIVA DO ESTADO;N/A;N/A;-1;TO;NORTE;TOCANTINS;PARTIDO POPULAR SOCIALISTA;118;PPS;N/A;PEC;PROPOSTA DE EMENDA À CONSTITUIÇÃO;PROPOSTA DE EMENDA À CONSTITUIÇÃO (ART. 60 CF C/C ART. 201 A 203, RICD);1;ATIVADO;;N/A;-1;N/A;-1;N/A;TipoParlamentar_10000;DEPUTADO
05-05-2011;;10000;MANOEL ALVES DA SILVA JUNIOR;MANOEL JUNIOR;M;DEPUTADO;526317;54;1;1;01-02-2011;31-01-2015;02-02-2011;22-12-2011;Ordinária;18-07-2011;01-08-2011;-1;-1;-1;;;;;N/A;;;500989;2011;23;PEC 23/2011;ORGANIZAÇÃO ADMINISTRATIVA DO ESTADO;N/A;N/A;-1;PB;NORDESTE;PARAÍBA;PARTIDO DO MOVIMENTO DEMOCRÁTICO BRASILEIRO;111;PMDB;N/A;PEC;PROPOSTA DE EMENDA À CONSTITUIÇÃO;PROPOSTA DE EMENDA À CONSTITUIÇÃO (ART. 60 CF C/C ART. 201 A 203, RICD);1;ATIVADO;;N/A;-1;N/A;-1;N/A;TipoParlamentar_10000;DEPUTADO
03-02-2011;;10000;WELITON FERNANDES PRADO;WELITON PRADO;M;DEPUTADO;530069;54;1;1;01-02-2011;31-01-2015;02-02-2011;22-12-2011;Ordinária;18-07-2011;01-08-2011;-1;-1;-1;;;;;N/A;;;491041;2011;95;PL 95/2011;ORGANIZAÇÃO ADMINISTRATIVA DO ESTADO;N/A;N/A;-1;MG;SUDESTE;MINAS GERAIS;PARTIDO DOS TRABALHADORES;134;PT;N/A;PL;PROJETO DE LEI;PROJETO DE LEI;1;ATIVADO;;N/A;-1;N/A;-1;N/A;TipoParlamentar_10000;DEPUTADO
06-05-2002;;-1;N/A;N/A;N/A;N/A;-1;51;4;1;01-02-1999;31-01-2003;15-02-2002;16-12-2002;Ordinária;02-07-2002;01-08-2002;-1;-1;-1;;;;;N/A;;;50634;2002;6673;PL 6673/2002;ORGANIZAÇÃO ADMINISTRATIVA DO ESTADO;N/A;N/A;-1;N/A;N/A;N/A;N/A;-1;N/A;N/A;PL;PROJETO DE LEI;PROJETO DE LEI;1;ATIVADO;;PODER EXECUTIVO;1;ATIVO;253;PODER EXECUTIVO;TipoOrgao_30000;ÓRGÃO DO PODER EXECUTIVO
28-05-2002;06-06-2013;-1;N/A;N/A;N/A;N/A;-1;51;4;1;01-02-1999;31-01-2003;15-02-2002;16-12-2002;Ordinária;02-07-2002;01-08-2002;54;3;1;01-02-2011;31-01-2015;04-02-2013;23-12-2013;Ordinária;31-07-2013;01-08-2013;54307;2002;544;PEC 544/2002;ORGANIZAÇÃO ADMINISTRATIVA DO ESTADO,ORGANIZAÇÃO POLÍTICO-ADMINISTRATIVA DO ESTADO (UTILIZADO ATÉ A LEGISLATURA 53);EMC;EMENDA CONSTITUCIONAL;33;N/A;N/A;N/A;N/A;-1;N/A;TRANSFORMADA EM NORMA;PEC;PROPOSTA DE EMENDA À CONSTITUIÇÃO;PROPOSTA DE EMENDA À CONSTITUIÇÃO (ART. 60 CF C/C ART. 201 A 203, RICD);1;ATIVADO;;SENADO FEDERAL;1;ATIVO;78;SENADO FEDERAL;TipoOrgao_22000;ÓRGÃO DO SENADO FEDERAL
03-08-2011;14-12-2011;-1;N/A;N/A;N/A;N/A;-1;54;1;1;01-02-2011;31-01-2015;02-02-2011;22-12-2011;Ordinária;18-07-2011;01-08-2011;54;1;1;01-02-2011;31-01-2015;02-02-2011;22-12-2011;Ordinária;18-07-2011;01-08-2011;513514;2011;541;MPV 541/2011;ORGANIZAÇÃO ADMINISTRATIVA DO ESTADO,POLÍTICA ECONÔMICA;LEI;LEI ORDINÁRIA;37;N/A;N/A;N/A;N/A;-1;N/A;TRANSFORMADA EM NORMA COM VETO PARCIAL;MPV;MEDIDA PROVISÓRIA;MEDIDA PROVISÓRIA;1;ATIVADO;;PODER EXECUTIVO;1;ATIVO;253;PODER EXECUTIVO;TipoOrgao_30000;ÓRGÃO DO PODER EXECUTIVO
16-07-2012;27-12-2012;-1;N/A;N/A;N/A;N/A;-1;54;2;1;01-02-2011;31-01-2015;02-02-2012;24-12-2012;Ordinária;17-07-2012;01-08-2012;54;;;01-02-2011;31-01-2015;25-12-2012;03-02-2013;Entre Sessões;;;552071;2012;4230;PL 4230/2012;ORGANIZAÇÃO ADMINISTRATIVA DO ESTADO;LEI;LEI ORDINÁRIA;37;N/A;N/A;N/A;N/A;-1;N/A;TRANSFORMADA EM NORMA;PL;PROJETO DE LEI;PROJETO DE LEI;1;ATIVADO;;SUPERIOR TRIBUNAL DE JUSTIÇA;1;ATIVO;81;SUPERIOR TRIBUNAL DE JUSTIÇA;TipoOrgao_50000;ÓRGÃO DO PODER JUDICIÁRIO
29-01-2010;25-06-2012;-1;N/A;N/A;N/A;N/A;-1;53;;;01-02-2007;31-01-2011;23-12-2009;01-02-2010;Entre Sessões;;;54;2;1;01-02-2011;31-01-2015;02-02-2012;24-12-2012;Ordinária;17-07-2012;01-08-2012;465481;2010;6721;PL 6721/2010;ADMINISTRAÇÃO PÚBLICA,ORGANIZAÇÃO ADMINISTRATIVA DO ESTADO;LEI;LEI ORDINÁRIA;37;N/A;N/A;N/A;N/A;-1;N/A;TRANSFORMADA EM NORMA;PL;PROJETO DE LEI;PROJETO DE LEI;1;ATIVADO;;MINISTÉRIO PÚBLICO DA UNIÃO;1;ATIVO;57;MINISTÉRIO PÚBLICO DA UNIÃO;TipoOrgao_81007;MPU - MINISTÉRIO PÚBLICO DA UNIÃO
01-11-2012;;10000;JOÃO JOSÉ DE ARRUDA JÚNIOR;JOÃO ARRUDA;M;DEPUTADO;530118;54;2;1;01-02-2011;31-01-2015;02-02-2012;24-12-2012;Ordinária;17-07-2012;01-08-2012;-1;-1;-1;;;;;N/A;;;558503;2012;4653;PL 4653/2012;ORGANIZAÇÃO ADMINISTRATIVA DO ESTADO;N/A;N/A;-1;PR;SUL;PARANÁ;PARTIDO DO MOVIMENTO DEMOCRÁTICO BRASILEIRO;111;PMDB;N/A;PL;PROJETO DE LEI;PROJETO DE LEI;1;ATIVADO;;N/A;-1;N/A;-1;N/A;TipoParlamentar_10000;DEPUTADO
19-02-2008;;10000;WELLINGTON ANTONIO FAGUNDES;WELLINGTON FAGUNDES;M;DEPUTADO;521528;53;2;1;01-02-2007;31-01-2011;06-02-2008;22-12-2008;Ordinária;17-07-2008;01-08-2008;-1;-1;-1;;;;;N/A;;;383707;2008;2846;PL 2846/2008;ORGANIZAÇÃO ADMINISTRATIVA DO ESTADO,ORGANIZAÇÃO POLÍTICO-ADMINISTRATIVA DO ESTADO (UTILIZADO ATÉ A LEGISLATURA 53);N/A;N/A;-1;MT;CENTRO-OESTE;MATO GROSSO;PARTIDO DA REPÚBLICA;168;PR;N/A;PL;PROJETO DE LEI;PROJETO DE LEI;1;ATIVADO;;N/A;-1;N/A;-1;N/A;TipoParlamentar_10000;DEPUTADO
17-02-2011;;10000;RUBENS BUENO;RUBENS BUENO;M;DEPUTADO;530121;54;1;1;01-02-2011;31-01-2015;02-02-2011;22-12-2011;Ordinária;18-07-2011;01-08-2011;-1;-1;-1;;;;;N/A;;;492408;2011;480;PL 480/2011;DEFESA E SEGURANÇA NACIONAL,ORGANIZAÇÃO ADMINISTRATIVA DO ESTADO;N/A;N/A;-1;PR;SUL;PARANÁ;PARTIDO POPULAR SOCIALISTA;118;PPS;N/A;PL;PROJETO DE LEI;PROJETO DE LEI;1;ATIVADO;;N/A;-1;N/A;-1;N/A;TipoParlamentar_10000;DEPUTADO
25-10-2011;;10000;EDUARDO COSENTINO DA CUNHA;EDUARDO CUNHA;M;DEPUTADO;522260;54;1;1;01-02-2011;31-01-2015;02-02-2011;22-12-2011;Ordinária;18-07-2011;01-08-2011;-1;-1;-1;;;;;N/A;;;524978;2011;2586;PL 2586/2011;ORGANIZAÇÃO ADMINISTRATIVA DO ESTADO;N/A;N/A;-1;RJ;SUDESTE;RIO DE JANEIRO;PARTIDO DO MOVIMENTO DEMOCRÁTICO BRASILEIRO;111;PMDB;N/A;PL;PROJETO DE LEI;PROJETO DE LEI;1;ATIVADO;;N/A;-1;N/A;-1;N/A;TipoParlamentar_10000;DEPUTADO
04-02-2014;;10000;OSMAR JOSÉ SERRAGLIO;OSMAR SERRAGLIO;M;DEPUTADO;522117;54;4;1;01-02-2011;31-01-2015;03-02-2014;22-12-2014;Ordinária;31-07-2014;01-08-2014;-1;-1;-1;;;;;N/A;;;605445;2014;377;PEC 377/2014;ORGANIZAÇÃO ADMINISTRATIVA DO ESTADO;N/A;N/A;-1;PR;SUL;PARANÁ;PARTIDO DO MOVIMENTO DEMOCRÁTICO BRASILEIRO;111;PMDB;N/A;PEC;PROPOSTA DE EMENDA À CONSTITUIÇÃO;PROPOSTA DE EMENDA À CONSTITUIÇÃO (ART. 60 CF C/C ART. 201 A 203, RICD);1;ATIVADO;;N/A;-1;N/A;-1;N/A;TipoParlamentar_10000;DEPUTADO
29-04-2011;16-09-2011;-1;N/A;N/A;N/A;N/A;-1;54;1;1;01-02-2011;31-01-2015;02-02-2011;22-12-2011;Ordinária;18-07-2011;01-08-2011;54;1;1;01-02-2011;31-01-2015;02-02-2011;22-12-2011;Ordinária;18-07-2011;01-08-2011;500056;2011;532;MPV 532/2011;COMUNICAÇÕES,ORGANIZAÇÃO ADMINISTRATIVA DO ESTADO;LEI;LEI ORDINÁRIA;37;N/A;N/A;N/A;N/A;-1;N/A;TRANSFORMADA EM NORMA;MPV;MEDIDA PROVISÓRIA;MEDIDA PROVISÓRIA;1;ATIVADO;;PODER EXECUTIVO;1;ATIVO;253;PODER EXECUTIVO;TipoOrgao_30000;ÓRGÃO DO PODER EXECUTIVO
22-08-2013;;10000;GIOVANNI CORRÊA QUEIROZ;GIOVANNI QUEIROZ;M;DEPUTADO;526179;54;3;1;01-02-2011;31-01-2015;04-02-2013;23-12-2013;Ordinária;31-07-2013;01-08-2013;-1;-1;-1;;;;;N/A;;;588749;2013;297;PEC 297/2013;ORGANIZAÇÃO ADMINISTRATIVA DO ESTADO;N/A;N/A;-1;PA;NORTE;PARÁ;PARTIDO DEMOCRÁTICO TRABALHISTA;104;PDT;N/A;PEC;PROPOSTA DE EMENDA À CONSTITUIÇÃO;PROPOSTA DE EMENDA À CONSTITUIÇÃO (ART. 60 CF C/C ART. 201 A 203, RICD);1;ATIVADO;;N/A;-1;N/A;-1;N/A;TipoParlamentar_10000;DEPUTADO
16-10-2013;;10000;JOAQUIM DE LIRA MAIA;LIRA MAIA;M;DEPUTADO;526195;54;3;1;01-02-2011;31-01-2015;04-02-2013;23-12-2013;Ordinária;31-07-2013;01-08-2013;-1;-1;-1;;;;;N/A;;;597023;2013;327;PEC 327/2013;ORGANIZAÇÃO ADMINISTRATIVA DO ESTADO;N/A;N/A;-1;PA;NORTE;PARÁ;DEMOCRATAS;202;DEM;N/A;PEC;PROPOSTA DE EMENDA À CONSTITUIÇÃO;PROPOSTA DE EMENDA À CONSTITUIÇÃO (ART. 60 CF C/C ART. 201 A 203, RICD);1;ATIVADO;;N/A;-1;N/A;-1;N/A;TipoParlamentar_10000;DEPUTADO
12-03-2013;04-06-2014;10000;CARLOS MAURO CABRAL BENEVIDES;MAURO BENEVIDES;M;DEPUTADO;520437;54;3;1;01-02-2011;31-01-2015;04-02-2013;23-12-2013;Ordinária;31-07-2013;01-08-2013;54;4;1;01-02-2011;31-01-2015;03-02-2014;22-12-2014;Ordinária;31-07-2014;01-08-2014;567197;2013;247;PEC 247/2013;ORGANIZAÇÃO ADMINISTRATIVA DO ESTADO;EMC;EMENDA CONSTITUCIONAL;33;CE;NORDESTE;CEARÁ;PARTIDO DO MOVIMENTO DEMOCRÁTICO BRASILEIRO;111;PMDB;TRANSFORMADA EM NORMA;PEC;PROPOSTA DE EMENDA À CONSTITUIÇÃO;PROPOSTA DE EMENDA À CONSTITUIÇÃO (ART. 60 CF C/C ART. 201 A 203, RICD);1;ATIVADO;;N/A;-1;N/A;-1;N/A;TipoParlamentar_10000;DEPUTADO
14-08-2012;06-08-2013;-1;N/A;N/A;N/A;N/A;-1;54;2;1;01-02-2011;31-01-2015;02-02-2012;24-12-2012;Ordinária;17-07-2012;01-08-2012;54;3;1;01-02-2011;31-01-2015;04-02-2013;23-12-2013;Ordinária;31-07-2013;01-08-2013;553168;2012;207;PEC 207/2012;ORGANIZAÇÃO ADMINISTRATIVA DO ESTADO;EMC;EMENDA CONSTITUCIONAL;33;N/A;N/A;N/A;N/A;-1;N/A;TRANSFORMADA EM NORMA;PEC;PROPOSTA DE EMENDA À CONSTITUIÇÃO;PROPOSTA DE EMENDA À CONSTITUIÇÃO (ART. 60 CF C/C ART. 201 A 203, RICD);1;ATIVADO;;SENADO FEDERAL;1;ATIVO;78;SENADO FEDERAL;TipoOrgao_22000;ÓRGÃO DO SENADO FEDERAL
26-08-2014;;-1;N/A;N/A;N/A;N/A;-1;54;4;1;01-02-2011;31-01-2015;03-02-2014;22-12-2014;Ordinária;31-07-2014;01-08-2014;-1;-1;-1;;;;;N/A;;;622019;2014;7906;PL 7906/2014;ORGANIZAÇÃO ADMINISTRATIVA DO ESTADO;N/A;N/A;-1;N/A;N/A;N/A;N/A;-1;N/A;N/A;PL;PROJETO DE LEI;PROJETO DE LEI;1;ATIVADO;;TRIBUNAL SUPERIOR DO TRABALHO;1;ATIVO;275;TRIBUNAL SUPERIOR DO TRABALHO;TipoOrgao_50000;ÓRGÃO DO PODER JUDICIÁRIO
03-08-2012;12-07-2013;-1;N/A;N/A;N/A;N/A;-1;54;2;1;01-02-2011;31-01-2015;02-02-2012;24-12-2012;Ordinária;17-07-2012;01-08-2012;54;3;1;01-02-2011;31-01-2015;04-02-2013;23-12-2013;Ordinária;31-07-2013;01-08-2013;552441;2012;143;PRC 143/2012;ORGANIZAÇÃO ADMINISTRATIVA DO ESTADO;RCD;RESOLUÇÃO DA CÂMARA DOS DEPUTADOS;39;N/A;N/A;N/A;N/A;-1;N/A;TRANSFORMADA EM NORMA;PRC;PROJETO DE RESOLUÇÃO;PROJETO DE RESOLUÇÃO;1;ATIVADO;;MESA DIRETORA DA CÂMARA DOS DEPUTADOS;1;ATIVO;4;MESA DIRETORA;TipoOrgao_1;COMISSÃO DIRETORA
15-07-2010;;-1;N/A;N/A;N/A;N/A;-1;53;4;1;01-02-2007;31-01-2011;02-02-2010;22-12-2010;Ordinária;19-07-2010;02-08-2010;-1;-1;-1;;;;;N/A;;;483905;2010;505;PEC 505/2010;ADMINISTRAÇÃO PÚBLICA,ORGANIZAÇÃO ADMINISTRATIVA DO ESTADO;N/A;N/A;-1;N/A;N/A;N/A;N/A;-1;N/A;N/A;PEC;PROPOSTA DE EMENDA À CONSTITUIÇÃO;PROPOSTA DE EMENDA À CONSTITUIÇÃO (ART. 60 CF C/C ART. 201 A 203, RICD);1;ATIVADO;;SENADO FEDERAL;1;ATIVO;78;SENADO FEDERAL;TipoOrgao_22000;ÓRGÃO DO SENADO FEDERAL
16-12-2002;18-12-2002;-1;N/A;N/A;N/A;N/A;-1;51;4;1;01-02-1999;31-01-2003;15-02-2002;16-12-2002;Ordinária;02-07-2002;01-08-2002;51;6;2;01-02-1999;31-01-2003;17-12-2002;20-12-2002;Extraordinária;;;102634;2002;262;PRC 262/2002;ORGANIZAÇÃO ADMINISTRATIVA DO ESTADO;RCD;RESOLUÇÃO DA CÂMARA DOS DEPUTADOS;39;N/A;N/A;N/A;N/A;-1;N/A;TRANSFORMADA EM NORMA;PRC;PROJETO DE RESOLUÇÃO;PROJETO DE RESOLUÇÃO;1;ATIVADO;;MESA DIRETORA DA CÂMARA DOS DEPUTADOS;1;ATIVO;4;MESA DIRETORA;TipoOrgao_1;COMISSÃO DIRETORA
03-02-2011;;-1;N/A;N/A;N/A;N/A;-1;54;1;1;01-02-2011;31-01-2015;02-02-2011;22-12-2011;Ordinária;18-07-2011;01-08-2011;-1;-1;-1;;;;;N/A;;;491034;2011;89;PL 89/2011;ORGANIZAÇÃO ADMINISTRATIVA DO ESTADO;N/A;N/A;-1;N/A;N/A;N/A;N/A;-1;N/A;N/A;PL;PROJETO DE LEI;PROJETO DE LEI;1;ATIVADO;;TRIBUNAL DE JUSTIÇA DO DISTRITO FEDERAL E DOS TERRITÓRIOS;1;ATIVO;382;TRIBUNAL DE JUSTIÇA DO DISTRITO FEDERAL E DOS TERRITÓRIOS;TipoOrgao_50000;ÓRGÃO DO PODER JUDICIÁRIO
06-08-2013;;-1;N/A;N/A;N/A;N/A;-1;54;3;1;01-02-2011;31-01-2015;04-02-2013;23-12-2013;Ordinária;31-07-2013;01-08-2013;-1;-1;-1;;;;;N/A;;;585971;2013;6030;PL 6030/2013;ADMINISTRAÇÃO PÚBLICA,ORGANIZAÇÃO ADMINISTRATIVA DO ESTADO;N/A;N/A;-1;N/A;N/A;N/A;N/A;-1;N/A;N/A;PL;PROJETO DE LEI;PROJETO DE LEI;1;ATIVADO;;SUPERIOR TRIBUNAL DE JUSTIÇA;1;ATIVO;81;SUPERIOR TRIBUNAL DE JUSTIÇA;TipoOrgao_50000;ÓRGÃO DO PODER JUDICIÁRIO
26-12-2011;30-10-2013;-1;N/A;N/A;N/A;N/A;-1;54;;;01-02-2011;31-01-2015;23-12-2011;01-02-2012;Entre Sessões;;;54;3;1;01-02-2011;31-01-2015;04-02-2013;23-12-2013;Ordinária;31-07-2013;01-08-2013;533506;2011;3078;PL 3078/2011;ORGANIZAÇÃO ADMINISTRATIVA DO ESTADO;LEI;LEI ORDINÁRIA;37;N/A;N/A;N/A;N/A;-1;N/A;TRANSFORMADA EM NORMA;PL;PROJETO DE LEI;PROJETO DE LEI;1;ATIVADO;;PODER EXECUTIVO;1;ATIVO;253;PODER EXECUTIVO;TipoOrgao_30000;ÓRGÃO DO PODER EXECUTIVO
31-08-2012;24-09-2014;-1;N/A;N/A;N/A;N/A;-1;54;2;1;01-02-2011;31-01-2015;02-02-2012;24-12-2012;Ordinária;17-07-2012;01-08-2012;54;4;1;01-02-2011;31-01-2015;03-02-2014;22-12-2014;Ordinária;31-07-2014;01-08-2014;554181;2012;4359;PL 4359/2012;ORGANIZAÇÃO ADMINISTRATIVA DO ESTADO;LEI;LEI ORDINÁRIA;37;N/A;N/A;N/A;N/A;-1;N/A;TRANSFORMADA EM NORMA;PL;PROJETO DE LEI;PROJETO DE LEI;1;ATIVADO;;SUPREMO TRIBUNAL FEDERAL;1;ATIVO;80;SUPREMO TRIBUNAL FEDERAL;TipoOrgao_50000;ÓRGÃO DO PODER JUDICIÁRIO
13-11-2002;;-1;N/A;N/A;N/A;N/A;-1;51;4;1;01-02-1999;31-01-2003;15-02-2002;16-12-2002;Ordinária;02-07-2002;01-08-2002;-1;-1;-1;;;;;N/A;;;97884;2002;574;PEC 574/2002;ORGANIZAÇÃO ADMINISTRATIVA DO ESTADO,ORGANIZAÇÃO POLÍTICO-ADMINISTRATIVA DO ESTADO (UTILIZADO ATÉ A LEGISLATURA 53);N/A;N/A;-1;N/A;N/A;N/A;N/A;-1;N/A;N/A;PEC;PROPOSTA DE EMENDA À CONSTITUIÇÃO;PROPOSTA DE EMENDA À CONSTITUIÇÃO (ART. 60 CF C/C ART. 201 A 203, RICD);1;ATIVADO;;SENADO FEDERAL;1;ATIVO;78;SENADO FEDERAL;TipoOrgao_22000;ÓRGÃO DO SENADO FEDERAL
04-12-2003;;-1;N/A;N/A;N/A;N/A;-1;52;1;1;01-02-2003;31-01-2007;17-02-2003;15-12-2003;Ordinária;30-06-2003;01-08-2003;-1;-1;-1;;;;;N/A;;;147372;2003;214;PEC 214/2003;ORGANIZAÇÃO ADMINISTRATIVA DO ESTADO,ORGANIZAÇÃO POLÍTICO-ADMINISTRATIVA DO ESTADO (UTILIZADO ATÉ A LEGISLATURA 53);N/A;N/A;-1;N/A;N/A;N/A;N/A;-1;N/A;N/A;PEC;PROPOSTA DE EMENDA À CONSTITUIÇÃO;PROPOSTA DE EMENDA À CONSTITUIÇÃO (ART. 60 CF C/C ART. 201 A 203, RICD);1;ATIVADO;;SENADO FEDERAL;1;ATIVO;78;SENADO FEDERAL;TipoOrgao_22000;ÓRGÃO DO SENADO FEDERAL
21-09-2011;27-09-2011;-1;N/A;N/A;N/A;N/A;-1;54;1;1;01-02-2011;31-01-2015;02-02-2011;22-12-2011;Ordinária;18-07-2011;01-08-2011;54;1;1;01-02-2011;31-01-2015;02-02-2011;22-12-2011;Ordinária;18-07-2011;01-08-2011;520598;2011;441;PDC 441/2011;ORGANIZAÇÃO ADMINISTRATIVA DO ESTADO;DLG;DECRETO LEGISLATIVO;32;N/A;N/A;N/A;N/A;-1;N/A;TRANSFORMADA EM NORMA;PDC;PROJETO DE DECRETO LEGISLATIVO;PROJETO DE DECRETO LEGISLATIVO;1;ATIVADO;;MESA DIRETORA DA CÂMARA DOS DEPUTADOS;1;ATIVO;4;MESA DIRETORA;TipoOrgao_1;COMISSÃO DIRETORA
15-06-2011;13-06-2012;-1;N/A;N/A;N/A;N/A;-1;54;1;1;01-02-2011;31-01-2015;02-02-2011;22-12-2011;Ordinária;18-07-2011;01-08-2011;54;2;1;01-02-2011;31-01-2015;02-02-2012;24-12-2012;Ordinária;17-07-2012;01-08-2012;509074;2011;1597;PL 1597/2011;ORGANIZAÇÃO ADMINISTRATIVA DO ESTADO;LEI;LEI ORDINÁRIA;37;N/A;N/A;N/A;N/A;-1;N/A;TRANSFORMADA EM NORMA;PL;PROJETO DE LEI;PROJETO DE LEI;1;ATIVADO;;SUPERIOR TRIBUNAL DE JUSTIÇA;1;ATIVO;81;SUPERIOR TRIBUNAL DE JUSTIÇA;TipoOrgao_50000;ÓRGÃO DO PODER JUDICIÁRIO
17-02-2014;;10000;MARCUS VINÍCIUS CAETANO PESTANA DA SILVA;MARCUS PESTANA;M;DEPUTADO;530078;54;4;1;01-02-2011;31-01-2015;03-02-2014;22-12-2014;Ordinária;31-07-2014;01-08-2014;-1;-1;-1;;;;;N/A;;;606323;2014;380;PEC 380/2014;ORGANIZAÇÃO ADMINISTRATIVA DO ESTADO;N/A;N/A;-1;MG;SUDESTE;MINAS GERAIS;PARTIDO DA SOCIAL DEMOCRACIA BRASILEIRA;128;PSDB;N/A;PEC;PROPOSTA DE EMENDA À CONSTITUIÇÃO;PROPOSTA DE EMENDA À CONSTITUIÇÃO (ART. 60 CF C/C ART. 201 A 203, RICD);1;ATIVADO;;N/A;-1;N/A;-1;N/A;TipoParlamentar_10000;DEPUTADO
10-12-2002;;10000;LUIZ CRESCÊNCIO PEREIRA JÚNIOR;CRESCÊNCIO PEREIRA JR.;M;DEPUTADO;371;51;4;1;01-02-1999;31-01-2003;15-02-2002;16-12-2002;Ordinária;02-07-2002;01-08-2002;-1;-1;-1;;;;;N/A;;;101422;2002;587;PEC 587/2002;ORGANIZAÇÃO ADMINISTRATIVA DO ESTADO;N/A;N/A;-1;CE;NORDESTE;CEARÁ;PARTIDO DA FRENTE LIBERAL;106;PFL;N/A;PEC;PROPOSTA DE EMENDA À CONSTITUIÇÃO;PROPOSTA DE EMENDA À CONSTITUIÇÃO (ART. 60 CF C/C ART. 201 A 203, RICD);1;ATIVADO;;N/A;-1;N/A;-1;N/A;TipoParlamentar_10000;DEPUTADO
20-03-2002;;10000;ANIVALDO JUVENIL VALE;ANIVALDO VALE;M;DEPUTADO;521680;51;4;1;01-02-1999;31-01-2003;15-02-2002;16-12-2002;Ordinária;02-07-2002;01-08-2002;-1;-1;-1;;;;;N/A;;;46712;2002;505;PEC 505/2002;ORGANIZAÇÃO ADMINISTRATIVA DO ESTADO;N/A;N/A;-1;PA;NORTE;PARÁ;PARTIDO DA SOCIAL DEMOCRACIA BRASILEIRA;128;PSDB;N/A;PEC;PROPOSTA DE EMENDA À CONSTITUIÇÃO;PROPOSTA DE EMENDA À CONSTITUIÇÃO (ART. 60 CF C/C ART. 201 A 203, RICD);1;ATIVADO;;N/A;-1;N/A;-1;N/A;TipoParlamentar_10000;DEPUTADO
18-04-2002;;10000;ENI JOSÉ VOLTOLINI;ENI VOLTOLINI;M;DEPUTADO;2409;51;4;1;01-02-1999;31-01-2003;15-02-2002;16-12-2002;Ordinária;02-07-2002;01-08-2002;-1;-1;-1;;;;;N/A;;;49467;2002;6595;PL 6595/2002;ORGANIZAÇÃO ADMINISTRATIVA DO ESTADO;N/A;N/A;-1;SC;SUL;SANTA CATARINA;PARTIDO PROGRESSISTA BRASILEIRO;116;PPB;N/A;PL;PROJETO DE LEI;PROJETO DE LEI;1;ATIVADO;;N/A;-1;N/A;-1;N/A;TipoParlamentar_10000;DEPUTADO
04-07-2012;;10000;CARLOS ORLEANS BRANDÃO JUNIOR;CARLOS BRANDÃO;M;DEPUTADO;525372;54;2;1;01-02-2011;31-01-2015;02-02-2012;24-12-2012;Ordinária;17-07-2012;01-08-2012;-1;-1;-1;;;;;N/A;;;550623;2012;192;PLP 192/2012;ORGANIZAÇÃO ADMINISTRATIVA DO ESTADO;N/A;N/A;-1;MA;NORDESTE;MARANHÃO;PARTIDO DA SOCIAL DEMOCRACIA BRASILEIRA;128;PSDB;N/A;PLP;PROJETO DE LEI COMPLEMENTAR;PROJETO DE LEI COMPLEMENTAR (ART. 61 CF);1;ATIVADO;;N/A;-1;N/A;-1;N/A;TipoParlamentar_10000;DEPUTADO
04-07-2012;;10000;CARLOS ORLEANS BRANDÃO JUNIOR;CARLOS BRANDÃO;M;DEPUTADO;525372;54;2;1;01-02-2011;31-01-2015;02-02-2012;24-12-2012;Ordinária;17-07-2012;01-08-2012;-1;-1;-1;;;;;N/A;;;550625;2012;193;PLP 193/2012;ORGANIZAÇÃO ADMINISTRATIVA DO ESTADO;N/A;N/A;-1;MA;NORDESTE;MARANHÃO;PARTIDO DA SOCIAL DEMOCRACIA BRASILEIRA;128;PSDB;N/A;PLP;PROJETO DE LEI COMPLEMENTAR;PROJETO DE LEI COMPLEMENTAR (ART. 61 CF);1;ATIVADO;;N/A;-1;N/A;-1;N/A;TipoParlamentar_10000;DEPUTADO
10-11-2009;;10000;JOSÉ FRANCISCO PAES LANDIM;PAES LANDIM;M;DEPUTADO;522008;53;3;1;01-02-2007;31-01-2011;02-02-2009;22-12-2009;Ordinária;17-07-2009;03-08-2009;-1;-1;-1;;;;;N/A;;;458841;2009;6366;PL 6366/2009;DIREITO DO TRABALHO E PROCESSUAL DO TRABALHO,ORGANIZAÇÃO ADMINISTRATIVA DO ESTADO;N/A;N/A;-1;PI;NORDESTE;PIAUÍ;PARTIDO TRABALHISTA BRASILEIRO;136;PTB;N/A;PL;PROJETO DE LEI;PROJETO DE LEI;1;ATIVADO;;N/A;-1;N/A;-1;N/A;TipoParlamentar_10000;DEPUTADO
29-08-2013;;10000;RUBENS BUENO;RUBENS BUENO;M;DEPUTADO;530121;54;3;1;01-02-2011;31-01-2015;04-02-2013;23-12-2013;Ordinária;31-07-2013;01-08-2013;-1;-1;-1;;;;;N/A;;;589783;2013;303;PEC 303/2013;ORGANIZAÇÃO ADMINISTRATIVA DO ESTADO;N/A;N/A;-1;PR;SUL;PARANÁ;PARTIDO POPULAR SOCIALISTA;118;PPS;N/A;PEC;PROPOSTA DE EMENDA À CONSTITUIÇÃO;PROPOSTA DE EMENDA À CONSTITUIÇÃO (ART. 60 CF C/C ART. 201 A 203, RICD);1;ATIVADO;;N/A;-1;N/A;-1;N/A;TipoParlamentar_10000;DEPUTADO
31-10-2013;;10000;VALTENIR LUIZ PEREIRA;VALTENIR PEREIRA;M;DEPUTADO;526124;54;3;1;01-02-2011;31-01-2015;04-02-2013;23-12-2013;Ordinária;31-07-2013;01-08-2013;-1;-1;-1;;;;;N/A;;;599082;2013;343;PEC 343/2013;ORGANIZAÇÃO ADMINISTRATIVA DO ESTADO;N/A;N/A;-1;MT;CENTRO-OESTE;MATO GROSSO;PARTIDO REPUBLICANO DA ORDEM SOCIAL;222;PROS;N/A;PEC;PROPOSTA DE EMENDA À CONSTITUIÇÃO;PROPOSTA DE EMENDA À CONSTITUIÇÃO (ART. 60 CF C/C ART. 201 A 203, RICD);1;ATIVADO;;N/A;-1;N/A;-1;N/A;TipoParlamentar_10000;DEPUTADO
19-04-2011;;10000;LOURIVAL MENDES DA FONSECA FILHO;LOURIVAL MENDES;M;DEPUTADO;530062;54;1;1;01-02-2011;31-01-2015;02-02-2011;22-12-2011;Ordinária;18-07-2011;01-08-2011;-1;-1;-1;;;;;N/A;;;498959;2011;1117;PL 1117/2011;ORGANIZAÇÃO ADMINISTRATIVA DO ESTADO;N/A;N/A;-1;MA;NORDESTE;MARANHÃO;PARTIDO TRABALHISTA DO BRASIL;200;PTDOB;N/A;PL;PROJETO DE LEI;PROJETO DE LEI;1;ATIVADO;;N/A;-1;N/A;-1;N/A;TipoParlamentar_10000;DEPUTADO
02-06-2011;;10000;STEPAN NERCESSIAN;STEPAN NERCESSIAN;M;DEPUTADO;530140;54;1;1;01-02-2011;31-01-2015;02-02-2011;22-12-2011;Ordinária;18-07-2011;01-08-2011;-1;-1;-1;;;;;N/A;;;505402;2011;1503;PL 1503/2011;ORGANIZAÇÃO ADMINISTRATIVA DO ESTADO;N/A;N/A;-1;RJ;SUDESTE;RIO DE JANEIRO;PARTIDO POPULAR SOCIALISTA;118;PPS;N/A;PL;PROJETO DE LEI;PROJETO DE LEI;1;ATIVADO;;N/A;-1;N/A;-1;N/A;TipoParlamentar_10000;DEPUTADO
02-03-2011;;10000;NELSON MARQUEZELLI;NELSON MARQUEZELLI;M;DEPUTADO;523597;54;1;1;01-02-2011;31-01-2015;02-02-2011;22-12-2011;Ordinária;18-07-2011;01-08-2011;-1;-1;-1;;;;;N/A;;;493860;2011;5;PEC 5/2011;ORGANIZAÇÃO ADMINISTRATIVA DO ESTADO;N/A;N/A;-1;SP;SUDESTE;SÃO PAULO;PARTIDO TRABALHISTA BRASILEIRO;136;PTB;N/A;PEC;PROPOSTA DE EMENDA À CONSTITUIÇÃO;PROPOSTA DE EMENDA À CONSTITUIÇÃO (ART. 60 CF C/C ART. 201 A 203, RICD);1;ATIVADO;;N/A;-1;N/A;-1;N/A;TipoParlamentar_10000;DEPUTADO
28-08-2003;;10000;JOÃO ALFREDO TELLES MELO;JOÃO ALFREDO;M;DEPUTADO;520419;52;1;1;01-02-2003;31-01-2007;17-02-2003;15-12-2003;Ordinária;30-06-2003;01-08-2003;-1;-1;-1;;;;;N/A;;;130462;2003;146;PEC 146/2003;ORGANIZAÇÃO ADMINISTRATIVA DO ESTADO,ORGANIZAÇÃO POLÍTICO-ADMINISTRATIVA DO ESTADO (UTILIZADO ATÉ A LEGISLATURA 53);N/A;N/A;-1;CE;NORDESTE;CEARÁ;PARTIDO DOS TRABALHADORES;134;PT;N/A;PEC;PROPOSTA DE EMENDA À CONSTITUIÇÃO;PROPOSTA DE EMENDA À CONSTITUIÇÃO (ART. 60 CF C/C ART. 201 A 203, RICD);1;ATIVADO;;N/A;-1;N/A;-1;N/A;TipoParlamentar_10000;DEPUTADO
28-09-2011;;10000;CARLOS ALBERTO CAVALCANTE DE SOUZA;CARLOS SOUZA;M;DEPUTADO;520162;54;1;1;01-02-2011;31-01-2015;02-02-2011;22-12-2011;Ordinária;18-07-2011;01-08-2011;-1;-1;-1;;;;;N/A;;;521700;2011;87;PEC 87/2011;ORGANIZAÇÃO ADMINISTRATIVA DO ESTADO;N/A;N/A;-1;AM;NORTE;AMAZONAS;PARTIDO PROGRESSISTA;115;PP;N/A;PEC;PROPOSTA DE EMENDA À CONSTITUIÇÃO;PROPOSTA DE EMENDA À CONSTITUIÇÃO (ART. 60 CF C/C ART. 201 A 203, RICD);1;ATIVADO;;N/A;-1;N/A;-1;N/A;TipoParlamentar_10000;DEPUTADO
18-10-2011;;10000;ANTÔNIA LUCILÉIA CRUZ RAMOS CÂMARA;ANTÔNIA LÚCIA;F;DEPUTADO;530002;54;1;1;01-02-2011;31-01-2015;02-02-2011;22-12-2011;Ordinária;18-07-2011;01-08-2011;-1;-1;-1;;;;;N/A;;;523661;2011;98;PEC 98/2011;ORGANIZAÇÃO ADMINISTRATIVA DO ESTADO;N/A;N/A;-1;AC;NORTE;ACRE;PARTIDO SOCIAL CRISTÃO;126;PSC;N/A;PEC;PROPOSTA DE EMENDA À CONSTITUIÇÃO;PROPOSTA DE EMENDA À CONSTITUIÇÃO (ART. 60 CF C/C ART. 201 A 203, RICD);1;ATIVADO;;N/A;-1;N/A;-1;N/A;TipoParlamentar_10000;DEPUTADO
09-11-2011;;10000;JOÃO CAMPOS DE ARAÚJO;JOÃO CAMPOS;M;DEPUTADO;520857;54;1;1;01-02-2011;31-01-2015;02-02-2011;22-12-2011;Ordinária;18-07-2011;01-08-2011;-1;-1;-1;;;;;N/A;;;526573;2011;91;PRC 91/2011;ORGANIZAÇÃO ADMINISTRATIVA DO ESTADO,PROCESSO LEGISLATIVO;N/A;N/A;-1;GO;CENTRO-OESTE;GOIÁS;PARTIDO DA SOCIAL DEMOCRACIA BRASILEIRA;128;PSDB;N/A;PRC;PROJETO DE RESOLUÇÃO;PROJETO DE RESOLUÇÃO;1;ATIVADO;;N/A;-1;N/A;-1;N/A;TipoParlamentar_10000;DEPUTADO
04-06-2002;;10000;ARTUR SÉRGIO DE ALMEIDA REIS;SÉRGIO REIS;M;DEPUTADO;3174;51;4;1;01-02-1999;31-01-2003;15-02-2002;16-12-2002;Ordinária;02-07-2002;01-08-2002;-1;-1;-1;;;;;N/A;;;54650;2002;545;PEC 545/2002;ORGANIZAÇÃO ADMINISTRATIVA DO ESTADO;N/A;N/A;-1;SE;NORDESTE;SERGIPE;PARTIDO TRABALHISTA BRASILEIRO;136;PTB;N/A;PEC;PROPOSTA DE EMENDA À CONSTITUIÇÃO;PROPOSTA DE EMENDA À CONSTITUIÇÃO (ART. 60 CF C/C ART. 201 A 203, RICD);1;ATIVADO;;N/A;-1;N/A;-1;N/A;TipoParlamentar_10000;DEPUTADO
06-06-2012;;10000;EDUARDO HENRIQUE DA FONTE DE ALBUQUERQUE SILVA;EDUARDO DA FONTE;M;DEPUTADO;526389;54;2;1;01-02-2011;31-01-2015;02-02-2012;24-12-2012;Ordinária;17-07-2012;01-08-2012;-1;-1;-1;;;;;N/A;;;547302;2012;4030;PL 4030/2012;ORGANIZAÇÃO ADMINISTRATIVA DO ESTADO;N/A;N/A;-1;PE;NORDESTE;PERNAMBUCO;PARTIDO PROGRESSISTA;115;PP;N/A;PL;PROJETO DE LEI;PROJETO DE LEI;1;ATIVADO;;N/A;-1;N/A;-1;N/A;TipoParlamentar_10000;DEPUTADO
